Workbook

Sheet EFB
A1: CalendarDT | B1: StartTime | C1: Time | D1: ProgramTitle | E1: SeriesEpisodeTitle | F1: - | G1: CC | H1: A/I/E | I1: Status | J1: QA Notes | K1: Air Date | L1: Time | M1: Column1 | N1: TVG Title | O1: Duration | P1: Link Information | Q1: Link Duration | R1: EP.NO | S1: Episode Title | T1: Subtitle | U1: TV Rating | V1: Captioning | W1: Audio Level | X1: HDTV Level | Y1: DVS | Z1: SAP | AA1: Aspect Ratio | AB1: Subtitled | AC1: Program Information | AD1: Feed | AE1: SPG | AF1: Event Date | AG1: Airing Type | AH1: Showing Type | AI1: Paid For By | AJ1: Program Type | AK1: Program Part | AL1: Part No./Total | AM1: Film Rating | AN1: Year | AO1: Credits | AP1: Color Type | AQ1: Category | AR1: 3D | AS1: PID | AT1: Schedule ID | AU1: Language | AV1: DST | AW1: Creation User | AX1: Creation Date | AY1: Last Update User | AZ1: Last Update Date | BB1: Time | BC1: Title | BD1: EpTitle | BE1: Raw Time | BF1: Cosmo Time | BG1: Add Time | BH1: Time
C2: =BH2 -> 0.041666667 | U2: None | V2: None | W2: None | X2: None | Y2: FALSE | Z2: FALSE | AA2: 4:3 Fullscreen | AB2: FALSE | AC2: ESF | AD2: 0 | AE2: FALSE | AJ2: Series Episode | AP2: Color | AQ2: Sports | AS2: 19874297 | AT2: 279643702 | AU2: French | AV2: TRUE | AW2: mjayaram | AX2: 42216.124 | AY2: mjayaram | AZ2: 42220.114 | BB2: =IF(BE2=BF2,"Yes","No") -> No | BC2: =IF(EFB!$N2=Table1[[#This Row],[ProgramTitle]],"Yes","No") -> Yes | BD2: =IF(EFB!$S2=Table1[[#This Row],[SeriesEpisodeTitle]],"Yes","No") -> Yes | BE2: =TIME(HOUR(C2),MINUTE(C2),SECOND(0)) -> 0.041666667 | BF2: =TIME(HOUR(L2),MINUTE(L2),SECOND(0)) -> 0 | BG2: 0.041666667 | BH2: =Table1[[#This Row],[StartTime]]+$BG$2 -> 0.041666667
C3: =BH3 -> 0.041666667 | V3: None | W3: None | X3: None | Y3: FALSE | Z3: FALSE | AA3: 4:3 Fullscreen | AB3: FALSE | AC3: ESF-EF2 | AD3: 0 | AE3: FALSE | AJ3: Series Episode | AP3: Color | AQ3: Sports | AS3: 17388856 | AT3: 259431250 | AU3: French | AV3: TRUE | AW3: XListImporter (1426490) | AX3: 42205.274 | AY3: mjayaram | AZ3: 42220.114 | BB3: =IF(BE3=BF3,"Yes","No") -> No | BC3: =IF(EFB!$N3=Table1[[#This Row],[ProgramTitle]],"Yes","No") -> Yes | BD3: =IF(EFB!$S3=Table1[[#This Row],[SeriesEpisodeTitle]],"Yes","No") -> Yes | BE3: =TIME(HOUR(C3),MINUTE(C3),SECOND(0)) -> 0.041666667 | BF3: =TIME(HOUR(L3),MINUTE(L3),SECOND(0)) -> 0 | BH3: =Table1[[#This Row],[StartTime]]+$BG$2 -> 0.041666667
C4: =BH4 -> 0.041666667 | U4: None | V4: None | W4: None | X4: None | Y4: FALSE | Z4: FALSE | AA4: 4:3 Fullscreen | AB4: FALSE | AD4: 0 | AE4: FALSE | AJ4: Series Episode | AP4: Color | AQ4: Sports | AS4: 27537279 | AT4: 259431290 | AU4: French | AV4: TRUE | AW4: XListImporter (1426490) | AX4: 42205.274 | AY4: mjayaram | AZ4: 42220.114 | BB4: =IF(BE4=BF4,"Yes","No") -> No | BC4: =IF(EFB!$N4=Table1[[#This Row],[ProgramTitle]],"Yes","No") -> Yes | BD4: =IF(EFB!$S4=Table1[[#This Row],[SeriesEpisodeTitle]],"Yes","No") -> Yes | BE4: =TIME(HOUR(C4),MINUTE(C4),SECOND(0)) -> 0.041666667 | BF4: =TIME(HOUR(L4),MINUTE(L4),SECOND(0)) -> 0 | BH4: =Table1[[#This Row],[StartTime]]+$BG$2 -> 0.041666667
C5: =BH5 -> 0.041666667 | U5: None | V5: None | W5: None | X5: None | Y5: FALSE | Z5: FALSE | AA5: 4:3 Fullscreen | AB5: FALSE | AD5: 0 | AE5: FALSE | AJ5: Series Master | AP5: Color | AQ5: Sports | AS5: 27580021 | AT5: 259702249 | AU5: French | AV5: TRUE | AW5: XListImporter (1426490) | AX5: 42205.274 | AY5: mjayaram | AZ5: 42220.114 | BB5: =IF(BE5=BF5,"Yes","No") -> No | BC5: =IF(EFB!$N5=Table1[[#This Row],[ProgramTitle]],"Yes","No") -> Yes | BD5: =IF(EFB!$S5=Table1[[#This Row],[SeriesEpisodeTitle]],"Yes","No") -> Yes | BE5: =TIME(HOUR(C5),MINUTE(C5),SECOND(0)) -> 0.041666667 | BF5: =TIME(HOUR(L5),MINUTE(L5),SECOND(0)) -> 0 | BH5: =Table1[[#This Row],[StartTime]]+$BG$2 -> 0.041666667
C6: =BH6 -> 0.041666667 | U6: None | V6: None | W6: None | X6: None | Y6: FALSE | Z6: FALSE | AA6: 4:3 Fullscreen | AB6: FALSE | AD6: 0 | AE6: FALSE | AJ6: Series Master | AP6: Color | AQ6: Sports | AS6: 27580033 | AT6: 259431313 | AU6: French | AV6: TRUE | AW6: XListImporter (1426490) | AX6: 42205.274 | AY6: mjayaram | AZ6: 42220.114 | BB6: =IF(BE6=BF6,"Yes","No") -> No | BC6: =IF(EFB!$N6=Table1[[#This Row],[ProgramTitle]],"Yes","No") -> Yes | BD6: =IF(EFB!$S6=Table1[[#This Row],[SeriesEpisodeTitle]],"Yes","No") -> Yes | BE6: =TIME(HOUR(C6),MINUTE(C6),SECOND(0)) -> 0.041666667 | BF6: =TIME(HOUR(L6),MINUTE(L6),SECOND(0)) -> 0 | BH6: =Table1[[#This Row],[StartTime]]+$BG$2 -> 0.041666667
C7: =BH7 -> 0.041666667 | U7: None | V7: None | W7: None | X7: None | Y7: FALSE | Z7: FALSE | AA7: 4:3 Fullscreen | AB7: FALSE | AD7: 0 | AE7: FALSE | AJ7: Series Master | AP7: Color | AQ7: Sports | AS7: 20847475 | AT7: 259431262 | AU7: French | AV7: TRUE | AW7: XListImporter (1426490) | AX7: 42205.274 | AY7: mjayaram | AZ7: 42220.114 | BB7: =IF(BE7=BF7,"Yes","No") -> No | BC7: =IF(EFB!$N7=Table1[[#This Row],[ProgramTitle]],"Yes","No") -> Yes | BD7: =IF(EFB!$S7=Table1[[#This Row],[SeriesEpisodeTitle]],"Yes","No") -> Yes | BE7: =TIME(HOUR(C7),MINUTE(C7),SECOND(0)) -> 0.041666667 | BF7: =TIME(HOUR(L7),MINUTE(L7),SECOND(0)) -> 0 | BH7: =Table1[[#This Row],[StartTime]]+$BG$2 -> 0.041666667
C8: =BH8 -> 0.041666667 | U8: None | V8: None | W8: None | X8: None | Y8: FALSE | Z8: FALSE | AA8: 4:3 Fullscreen | AB8: FALSE | AC8: ESF - EF2 | AD8: 0 | AE8: FALSE | AJ8: Series Master | AP8: Color | AQ8: Sports | AS8: 15151796 | AT8: 285575784 | AU8: French | AV8: TRUE | AW8: mjayaram | AX8: 42220.114 | AY8: mjayaram | AZ8: 42220.114 | BB8: =IF(BE8=BF8,"Yes","No") -> No | BC8: =IF(EFB!$N8=Table1[[#This Row],[ProgramTitle]],"Yes","No") -> Yes | BD8: =IF(EFB!$S8=Table1[[#This Row],[SeriesEpisodeTitle]],"Yes","No") -> Yes | BE8: =TIME(HOUR(C8),MINUTE(C8),SECOND(0)) -> 0.041666667 | BF8: =TIME(HOUR(L8),MINUTE(L8),SECOND(0)) -> 0 | BH8: =Table1[[#This Row],[StartTime]]+$BG$2 -> 0.041666667
C9: =BH9 -> 0.041666667 | U9: None | V9: None | W9: None | X9: None | Y9: FALSE | Z9: FALSE | AA9: 4:3 Fullscreen | AB9: FALSE | AC9: ISIS | AD9: 0 | AE9: FALSE | AJ9: Series Master | AP9: Color | AQ9: Sports | AS9: 15398057 | AT9: 259431237 | AU9: French | AV9: TRUE | AW9: XListImporter (1426490) | AX9: 42205.274 | AY9: mjayaram | AZ9: 42220.114 | BB9: =IF(BE9=BF9,"Yes","No") -> No | BC9: =IF(EFB!$N9=Table1[[#This Row],[ProgramTitle]],"Yes","No") -> Yes | BD9: =IF(EFB!$S9=Table1[[#This Row],[SeriesEpisodeTitle]],"Yes","No") -> Yes | BE9: =TIME(HOUR(C9),MINUTE(C9),SECOND(0)) -> 0.041666667 | BF9: =TIME(HOUR(L9),MINUTE(L9),SECOND(0)) -> 0 | BH9: =Table1[[#This Row],[StartTime]]+$BG$2 -> 0.041666667
C10: =BH10 -> 0.041666667 | U10: None | V10: None | W10: None | X10: None | Y10: FALSE | Z10: FALSE | AA10: 4:3 Fullscreen | AB10: FALSE | AC10: ESF | AD10: 0 | AE10: FALSE | AJ10: Series Episode | AP10: Color | AQ10: Sports | AS10: 24324661 | AT10: 259431280 | AU10: French | AV10: TRUE | AW10: XListImporter (1426490) | AX10: 42205.274 | AY10: mjayaram | AZ10: 42220.114 | BB10: =IF(BE10=BF10,"Yes","No") -> No | BC10: =IF(EFB!$N10=Table1[[#This Row],[ProgramTitle]],"Yes","No") -> Yes | BD10: =IF(EFB!$S10=Table1[[#This Row],[SeriesEpisodeTitle]],"Yes","No") -> Yes | BE10: =TIME(HOUR(C10),MINUTE(C10),SECOND(0)) -> 0.041666667 | BF10: =TIME(HOUR(L10),MINUTE(L10),SECOND(0)) -> 0 | BH10: =Table1[[#This Row],[StartTime]]+$BG$2 -> 0.041666667
C11: =BH11 -> 0.041666667 | U11: None | V11: None | W11: None | X11: None | Y11: FALSE | Z11: FALSE | AA11: 4:3 Fullscreen | AB11: FALSE | AC11: ESF | AD11: 0 | AE11: FALSE | AJ11: Series Episode | AP11: Color | AQ11: Sports | AS11: 24324654 | AT11: 259431278 | AU11: French | AV11: TRUE | AW11: XListImporter (1426490) | AX11: 42205.274 | AY11: mjayaram | AZ11: 42220.114 | BB11: =IF(BE11=BF11,"Yes","No") -> No | BC11: =IF(EFB!$N11=Table1[[#This Row],[ProgramTitle]],"Yes","No") -> Yes | BD11: =IF(EFB!$S11=Table1[[#This Row],[SeriesEpisodeTitle]],"Yes","No") -> Yes | BE11: =TIME(HOUR(C11),MINUTE(C11),SECOND(0)) -> 0.041666667 | BF11: =TIME(HOUR(L11),MINUTE(L11),SECOND(0)) -> 0 | BH11: =Table1[[#This Row],[StartTime]]+$BG$2 -> 0.041666667
C12: =BH12 -> 0.041666667 | U12: None | V12: None | W12: None | X12: None | Y12: FALSE | Z12: FALSE | AA12: 4:3 Fullscreen | AB12: FALSE | AC12: ESF - EF2 | AD12: 0 | AE12: FALSE | AJ12: Series Master | AP12: Color | AQ12: Sports | AS12: 15151796 | AT12: 259431223 | AU12: French | AV12: TRUE | AW12: XListImporter (1426490) | AX12: 42205.274 | AY12: mjayaram | AZ12: 42220.114 | BB12: =IF(BE12=BF12,"Yes","No") -> No | BC12: =IF(EFB!$N12=Table1[[#This Row],[ProgramTitle]],"Yes","No") -> Yes | BD12: =IF(EFB!$S12=Table1[[#This Row],[SeriesEpisodeTitle]],"Yes","No") -> Yes | BE12: =TIME(HOUR(C12),MINUTE(C12),SECOND(0)) -> 0.041666667 | BF12: =TIME(HOUR(L12),MINUTE(L12),SECOND(0)) -> 0 | BH12: =Table1[[#This Row],[StartTime]]+$BG$2 -> 0.041666667
C13: =BH13 -> 0.041666667 | U13: None | V13: None | W13: None | X13: None | Y13: FALSE | Z13: FALSE | AA13: 4:3 Fullscreen | AB13: FALSE | AD13: 0 | AE13: FALSE | AJ13: Series Master | AP13: Color | AQ13: Sports | AS13: 20847475 | AT13: 259431261 | AU13: French | AV13: TRUE | AW13: XListImporter (1426490) | AX13: 42205.274 | AY13: mjayaram | AZ13: 42220.114 | BB13: =IF(BE13=BF13,"Yes","No") -> No | BC13: =IF(EFB!$N13=Table1[[#This Row],[ProgramTitle]],"Yes","No") -> Yes | BD13: =IF(EFB!$S13=Table1[[#This Row],[SeriesEpisodeTitle]],"Yes","No") -> Yes | BE13: =TIME(HOUR(C13),MINUTE(C13),SECOND(0)) -> 0.041666667 | BF13: =TIME(HOUR(L13),MINUTE(L13),SECOND(0)) -> 0 | BH13: =Table1[[#This Row],[StartTime]]+$BG$2 -> 0.041666667
C14: =BH14 -> 0.041666667 | V14: None | W14: None | X14: None | Y14: FALSE | Z14: FALSE | AA14: 4:3 Fullscreen | AB14: FALSE | AC14: ESF-EF2 | AD14: 0 | AE14: FALSE | AJ14: Series Episode | AP14: Color | AQ14: Sports | AS14: 17388856 | AT14: 259431248 | AU14: French | AV14: TRUE | AW14: XListImporter (1426490) | AX14: 42205.274 | AY14: mjayaram | AZ14: 42220.114 | BB14: =IF(BE14=BF14,"Yes","No") -> No | BC14: =IF(EFB!$N14=Table1[[#This Row],[ProgramTitle]],"Yes","No") -> Yes | BD14: =IF(EFB!$S14=Table1[[#This Row],[SeriesEpisodeTitle]],"Yes","No") -> Yes | BE14: =TIME(HOUR(C14),MINUTE(C14),SECOND(0)) -> 0.041666667 | BF14: =TIME(HOUR(L14),MINUTE(L14),SECOND(0)) -> 0 | BH14: =Table1[[#This Row],[StartTime]]+$BG$2 -> 0.041666667
C15: =BH15 -> 0.041666667 | U15: None | V15: None | W15: None | X15: None | Y15: FALSE | Z15: FALSE | AA15: 4:3 Fullscreen | AB15: FALSE | AC15: ESF-EF2 | AD15: 0 | AE15: FALSE | AG15: Live | AJ15: Series Episode | AP15: Color | AQ15: Sports | AS15: 17359081 | AT15: 259431245 | AU15: French | AV15: TRUE | AW15: XListImporter (1426490) | AX15: 42205.274 | AY15: mjayaram | AZ15: 42220.114 | BB15: =IF(BE15=BF15,"Yes","No") -> No | BC15: =IF(EFB!$N15=Table1[[#This Row],[ProgramTitle]],"Yes","No") -> Yes | BD15: =IF(EFB!$S15=Table1[[#This Row],[SeriesEpisodeTitle]],"Yes","No") -> Yes | BE15: =TIME(HOUR(C15),MINUTE(C15),SECOND(0)) -> 0.041666667 | BF15: =TIME(HOUR(L15),MINUTE(L15),SECOND(0)) -> 0 | BH15: =Table1[[#This Row],[StartTime]]+$BG$2 -> 0.041666667
C16: =BH16 -> 0.041666667 | U16: None | V16: None | W16: None | X16: None | Y16: FALSE | Z16: FALSE | AA16: 4:3 Fullscreen | AB16: FALSE | AC16: ISIS | AD16: 0 | AE16: FALSE | AJ16: Series Episode | AP16: Color | AQ16: Sports | AS16: 27537283 | AT16: 259431291 | AU16: French | AV16: TRUE | AW16: XListImporter (1426490) | AX16: 42205.274 | AY16: mjayaram | AZ16: 42220.114 | BB16: =IF(BE16=BF16,"Yes","No") -> No | BC16: =IF(EFB!$N16=Table1[[#This Row],[ProgramTitle]],"Yes","No") -> Yes | BD16: =IF(EFB!$S16=Table1[[#This Row],[SeriesEpisodeTitle]],"Yes","No") -> Yes | BE16: =TIME(HOUR(C16),MINUTE(C16),SECOND(0)) -> 0.041666667 | BF16: =TIME(HOUR(L16),MINUTE(L16),SECOND(0)) -> 0 | BH16: =Table1[[#This Row],[StartTime]]+$BG$2 -> 0.041666667
C17: =BH17 -> 0.041666667 | U17: None | V17: None | W17: None | X17: None | Y17: FALSE | Z17: FALSE | AA17: 4:3 Fullscreen | AB17: FALSE | AD17: 0 | AE17: FALSE | AJ17: Series Master | AP17: Color | AQ17: Sports | AS17: 27569128 | AT17: 259431306 | AU17: French | AV17: TRUE | AW17: XListImporter (1426490) | AX17: 42205.274 | AY17: mjayaram | AZ17: 42220.114 | BB17: =IF(BE17=BF17,"Yes","No") -> No | BC17: =IF(EFB!$N17=Table1[[#This Row],[ProgramTitle]],"Yes","No") -> Yes | BD17: =IF(EFB!$S17=Table1[[#This Row],[SeriesEpisodeTitle]],"Yes","No") -> Yes | BE17: =TIME(HOUR(C17),MINUTE(C17),SECOND(0)) -> 0.041666667 | BF17: =TIME(HOUR(L17),MINUTE(L17),SECOND(0)) -> 0 | BH17: =Table1[[#This Row],[StartTime]]+$BG$2 -> 0.041666667
C18: =BH18 -> 0.041666667 | U18: None | V18: None | W18: None | X18: None | Y18: FALSE | Z18: FALSE | AA18: 4:3 Fullscreen | AB18: FALSE | AC18: ISIS | AD18: 0 | AE18: FALSE | AJ18: Series Episode | AP18: Color | AQ18: Sports | AS18: 27537316 | AT18: 259431298 | AU18: French | AV18: TRUE | AW18: XListImporter (1426490) | AX18: 42205.274 | AY18: mjayaram | AZ18: 42220.114 | BB18: =IF(BE18=BF18,"Yes","No") -> No | BC18: =IF(EFB!$N18=Table1[[#This Row],[ProgramTitle]],"Yes","No") -> Yes | BD18: =IF(EFB!$S18=Table1[[#This Row],[SeriesEpisodeTitle]],"Yes","No") -> Yes | BE18: =TIME(HOUR(C18),MINUTE(C18),SECOND(0)) -> 0.041666667 | BF18: =TIME(HOUR(L18),MINUTE(L18),SECOND(0)) -> 0 | BH18: =Table1[[#This Row],[StartTime]]+$BG$2 -> 0.041666667
C19: =BH19 -> 0.041666667 | U19: None | V19: None | W19: None | X19: None | Y19: FALSE | Z19: FALSE | AA19: 4:3 Fullscreen | AB19: FALSE | AC19: ISIS | AD19: 0 | AE19: FALSE | AJ19: Series Episode | AP19: Color | AQ19: Sports | AS19: 27537317 | AT19: 259431299 | AU19: French | AV19: TRUE | AW19: XListImporter (1426490) | AX19: 42205.274 | AY19: mjayaram | AZ19: 42220.114 | BB19: =IF(BE19=BF19,"Yes","No") -> No | BC19: =IF(EFB!$N19=Table1[[#This Row],[ProgramTitle]],"Yes","No") -> Yes | BD19: =IF(EFB!$S19=Table1[[#This Row],[SeriesEpisodeTitle]],"Yes","No") -> Yes | BE19: =TIME(HOUR(C19),MINUTE(C19),SECOND(0)) -> 0.041666667 | BF19: =TIME(HOUR(L19),MINUTE(L19),SECOND(0)) -> 0 | BH19: =Table1[[#This Row],[StartTime]]+$BG$2 -> 0.041666667
C20: =BH20 -> 0.041666667 | U20: None | V20: None | W20: None | X20: None | Y20: FALSE | Z20: FALSE | AA20: 4:3 Fullscreen | AB20: FALSE | AC20: ESF | AD20: 0 | AE20: FALSE | AJ20: Series Master | AP20: Color | AQ20: Sports | AS20: 15340174 | AT20: 259431234 | AU20: French | AV20: TRUE | AW20: XListImporter (1426490) | AX20: 42205.274 | AY20: mjayaram | AZ20: 42220.114 | BB20: =IF(BE20=BF20,"Yes","No") -> No | BC20: =IF(EFB!$N20=Table1[[#This Row],[ProgramTitle]],"Yes","No") -> Yes | BD20: =IF(EFB!$S20=Table1[[#This Row],[SeriesEpisodeTitle]],"Yes","No") -> Yes | BE20: =TIME(HOUR(C20),MINUTE(C20),SECOND(0)) -> 0.041666667 | BF20: =TIME(HOUR(L20),MINUTE(L20),SECOND(0)) -> 0 | BH20: =Table1[[#This Row],[StartTime]]+$BG$2 -> 0.041666667
C21: =BH21 -> 0.041666667 | U21: None | V21: None | W21: None | X21: None | Y21: FALSE | Z21: FALSE | AA21: 4:3 Fullscreen | AB21: FALSE | AC21: ESF-EF2 | AD21: 0 | AE21: FALSE | AJ21: Series Episode | AP21: Color | AQ21: Sports | AS21: 17359081 | AT21: 259431244 | AU21: French | AV21: TRUE | AW21: XListImporter (1426490) | AX21: 42205.274 | AY21: mjayaram | AZ21: 42220.114 | BB21: =IF(BE21=BF21,"Yes","No") -> No | BC21: =IF(EFB!$N21=Table1[[#This Row],[ProgramTitle]],"Yes","No") -> Yes | BD21: =IF(EFB!$S21=Table1[[#This Row],[SeriesEpisodeTitle]],"Yes","No") -> Yes | BE21: =TIME(HOUR(C21),MINUTE(C21),SECOND(0)) -> 0.041666667 | BF21: =TIME(HOUR(L21),MINUTE(L21),SECOND(0)) -> 0 | BH21: =Table1[[#This Row],[StartTime]]+$BG$2 -> 0.041666667
C22: =BH22 -> 0.041666667 | U22: None | V22: None | W22: None | X22: None | Y22: FALSE | Z22: FALSE | AA22: 4:3 Fullscreen | AB22: FALSE | AD22: 0 | AE22: FALSE | AJ22: Series Master | AP22: Color | AQ22: Sports | AS22: 20847475 | AT22: 259431264 | AU22: French | AV22: TRUE | AW22: XListImporter (1426490) | AX22: 42205.274 | AY22: mjayaram | AZ22: 42220.114 | BB22: =IF(BE22=BF22,"Yes","No") -> No | BC22: =IF(EFB!$N22=Table1[[#This Row],[ProgramTitle]],"Yes","No") -> Yes | BD22: =IF(EFB!$S22=Table1[[#This Row],[SeriesEpisodeTitle]],"Yes","No") -> Yes | BE22: =TIME(HOUR(C22),MINUTE(C22),SECOND(0)) -> 0.041666667 | BF22: =TIME(HOUR(L22),MINUTE(L22),SECOND(0)) -> 0 | BH22: =Table1[[#This Row],[StartTime]]+$BG$2 -> 0.041666667
C23: =BH23 -> 0.041666667 | U23: None | V23: None | W23: None | X23: None | Y23: FALSE | Z23: FALSE | AA23: 4:3 Fullscreen | AB23: FALSE | AC23: Closedown French Channels | AD23: 0 | AE23: FALSE | AJ23: Series Master | AP23: Color | AQ23: Other | AS23: 22808296 | AT23: 259431272 | AU23: French | AV23: TRUE | AW23: asprimont | AX23: 42205.286 | AY23: asprimont | AZ23: 42205.286 | BB23: =IF(BE23=BF23,"Yes","No") -> No | BC23: =IF(EFB!$N23=Table1[[#This Row],[ProgramTitle]],"Yes","No") -> Yes | BD23: =IF(EFB!$S23=Table1[[#This Row],[SeriesEpisodeTitle]],"Yes","No") -> Yes | BE23: =TIME(HOUR(C23),MINUTE(C23),SECOND(0)) -> 0.041666667 | BF23: =TIME(HOUR(L23),MINUTE(L23),SECOND(0)) -> 0 | BH23: =Table1[[#This Row],[StartTime]]+$BG$2 -> 0.041666667
C24: =BH24 -> 0.041666667 | U24: None | V24: None | W24: None | X24: None | Y24: FALSE | Z24: FALSE | AA24: 4:3 Fullscreen | AB24: FALSE | AC24: ESF | AD24: 0 | AE24: FALSE | AJ24: Series Master | AP24: Color | AQ24: Sports | AS24: 15340174 | AT24: 259478648 | AU24: French | AV24: TRUE | AW24: XListImporter (1426490) | AX24: 42205.274 | AY24: XListImporter (1426490) | AZ24: 42205.274 | BB24: =IF(BE24=BF24,"Yes","No") -> No | BC24: =IF(EFB!$N24=Table1[[#This Row],[ProgramTitle]],"Yes","No") -> Yes | BD24: =IF(EFB!$S24=Table1[[#This Row],[SeriesEpisodeTitle]],"Yes","No") -> Yes | BE24: =TIME(HOUR(C24),MINUTE(C24),SECOND(0)) -> 0.041666667 | BF24: =TIME(HOUR(L24),MINUTE(L24),SECOND(0)) -> 0 | BH24: =Table1[[#This Row],[StartTime]]+$BG$2 -> 0.041666667
C25: =BH25 -> 0.041666667 | U25: None | V25: None | W25: None | X25: None | Y25: FALSE | Z25: FALSE | AA25: 4:3 Fullscreen | AB25: FALSE | AC25: ESF-EF2 EFB-EFA | AD25: 0 | AE25: FALSE | AJ25: Series Episode | AP25: Color | AQ25: Sports | AS25: 27580034 | AT25: 259478865 | AU25: French | AV25: TRUE | AW25: XListImporter (1426490) | AX25: 42205.274 | AY25: XListImporter (1426490) | AZ25: 42205.274 | BB25: =IF(BE25=BF25,"Yes","No") -> No | BC25: =IF(EFB!$N25=Table1[[#This Row],[ProgramTitle]],"Yes","No") -> Yes | BD25: =IF(EFB!$S25=Table1[[#This Row],[SeriesEpisodeTitle]],"Yes","No") -> Yes | BE25: =TIME(HOUR(C25),MINUTE(C25),SECOND(0)) -> 0.041666667 | BF25: =TIME(HOUR(L25),MINUTE(L25),SECOND(0)) -> 0 | BH25: =Table1[[#This Row],[StartTime]]+$BG$2 -> 0.041666667
C26: =BH26 -> 0.041666667 | U26: None | V26: None | W26: None | X26: None | Y26: FALSE | Z26: FALSE | AA26: 4:3 Fullscreen | AB26: FALSE | AD26: 0 | AE26: FALSE | AJ26: Series Master | AP26: Color | AQ26: Sports | AS26: 27569128 | AT26: 259478827 | AU26: French | AV26: TRUE | AW26: XListImporter (1426490) | AX26: 42205.274 | AY26: XListImporter (1426490) | AZ26: 42205.274 | BB26: =IF(BE26=BF26,"Yes","No") -> No | BC26: =IF(EFB!$N26=Table1[[#This Row],[ProgramTitle]],"Yes","No") -> Yes | BD26: =IF(EFB!$S26=Table1[[#This Row],[SeriesEpisodeTitle]],"Yes","No") -> Yes | BE26: =TIME(HOUR(C26),MINUTE(C26),SECOND(0)) -> 0.041666667 | BF26: =TIME(HOUR(L26),MINUTE(L26),SECOND(0)) -> 0 | BH26: =Table1[[#This Row],[StartTime]]+$BG$2 -> 0.041666667
C27: =BH27 -> 0.041666667 | U27: None | V27: None | W27: None | X27: None | Y27: FALSE | Z27: FALSE | AA27: 4:3 Fullscreen | AB27: FALSE | AC27: ISIS | AD27: 0 | AE27: FALSE | AJ27: Series Episode | AP27: Color | AQ27: Sports | AS27: 27537316 | AT27: 259478823 | AU27: French | AV27: TRUE | AW27: XListImporter (1426490) | AX27: 42205.274 | AY27: XListImporter (1426490) | AZ27: 42205.274 | BB27: =IF(BE27=BF27,"Yes","No") -> No | BC27: =IF(EFB!$N27=Table1[[#This Row],[ProgramTitle]],"Yes","No") -> Yes | BD27: =IF(EFB!$S27=Table1[[#This Row],[SeriesEpisodeTitle]],"Yes","No") -> Yes | BE27: =TIME(HOUR(C27),MINUTE(C27),SECOND(0)) -> 0.041666667 | BF27: =TIME(HOUR(L27),MINUTE(L27),SECOND(0)) -> 0 | BH27: =Table1[[#This Row],[StartTime]]+$BG$2 -> 0.041666667
C28: =BH28 -> 0.041666667 | U28: None | V28: None | W28: None | X28: None | Y28: FALSE | Z28: FALSE | AA28: 4:3 Fullscreen | AB28: FALSE | AC28: ISIS | AD28: 0 | AE28: FALSE | AJ28: Series Episode | AP28: Color | AQ28: Sports | AS28: 27537317 | AT28: 259478824 | AU28: French | AV28: TRUE | AW28: XListImporter (1426490) | AX28: 42205.274 | AY28: XListImporter (1426490) | AZ28: 42205.274 | BB28: =IF(BE28=BF28,"Yes","No") -> No | BC28: =IF(EFB!$N28=Table1[[#This Row],[ProgramTitle]],"Yes","No") -> Yes | BD28: =IF(EFB!$S28=Table1[[#This Row],[SeriesEpisodeTitle]],"Yes","No") -> Yes | BE28: =TIME(HOUR(C28),MINUTE(C28),SECOND(0)) -> 0.041666667 | BF28: =TIME(HOUR(L28),MINUTE(L28),SECOND(0)) -> 0 | BH28: =Table1[[#This Row],[StartTime]]+$BG$2 -> 0.041666667
C29: =BH29 -> 0.041666667 | U29: None | V29: None | W29: None | X29: None | Y29: FALSE | Z29: FALSE | AA29: 4:3 Fullscreen | AB29: FALSE | AC29: ESF | AD29: 0 | AE29: FALSE | AJ29: Series Episode | AP29: Color | AQ29: Sports | AS29: 22642711 | AT29: 259478778 | AU29: French | AV29: TRUE | AW29: XListImporter (1426490) | AX29: 42205.274 | AY29: XListImporter (1426490) | AZ29: 42205.274 | BB29: =IF(BE29=BF29,"Yes","No") -> No | BC29: =IF(EFB!$N29=Table1[[#This Row],[ProgramTitle]],"Yes","No") -> Yes | BD29: =IF(EFB!$S29=Table1[[#This Row],[SeriesEpisodeTitle]],"Yes","No") -> Yes | BE29: =TIME(HOUR(C29),MINUTE(C29),SECOND(0)) -> 0.041666667 | BF29: =TIME(HOUR(L29),MINUTE(L29),SECOND(0)) -> 0 | BH29: =Table1[[#This Row],[StartTime]]+$BG$2 -> 0.041666667
C30: =BH30 -> 0.041666667 | U30: None | V30: None | W30: None | X30: None | Y30: FALSE | Z30: FALSE | AA30: 4:3 Fullscreen | AB30: FALSE | AC30: ESF-EF2 | AD30: 0 | AE30: FALSE | AJ30: Series Episode | AP30: Color | AQ30: Sports | AS30: 17359081 | AT30: 259478690 | AU30: French | AV30: TRUE | AW30: XListImporter (1426490) | AX30: 42205.274 | AY30: XListImporter (1426490) | AZ30: 42205.274 | BB30: =IF(BE30=BF30,"Yes","No") -> No | BC30: =IF(EFB!$N30=Table1[[#This Row],[ProgramTitle]],"Yes","No") -> Yes | BD30: =IF(EFB!$S30=Table1[[#This Row],[SeriesEpisodeTitle]],"Yes","No") -> Yes | BE30: =TIME(HOUR(C30),MINUTE(C30),SECOND(0)) -> 0.041666667 | BF30: =TIME(HOUR(L30),MINUTE(L30),SECOND(0)) -> 0 | BH30: =Table1[[#This Row],[StartTime]]+$BG$2 -> 0.041666667
C31: =BH31 -> 0.041666667 | U31: None | V31: None | W31: None | X31: None | Y31: FALSE | Z31: FALSE | AA31: 4:3 Fullscreen | AB31: FALSE | AC31: ESF-EF2 EFB-EFA | AD31: 0 | AE31: FALSE | AJ31: Series Episode | AP31: Color | AQ31: Sports | AS31: 27580034 | AT31: 259478862 | AU31: French | AV31: TRUE | AW31: XListImporter (1426490) | AX31: 42205.274 | AY31: XListImporter (1426490) | AZ31: 42205.274 | BB31: =IF(BE31=BF31,"Yes","No") -> No | BC31: =IF(EFB!$N31=Table1[[#This Row],[ProgramTitle]],"Yes","No") -> Yes | BD31: =IF(EFB!$S31=Table1[[#This Row],[SeriesEpisodeTitle]],"Yes","No") -> Yes | BE31: =TIME(HOUR(C31),MINUTE(C31),SECOND(0)) -> 0.041666667 | BF31: =TIME(HOUR(L31),MINUTE(L31),SECOND(0)) -> 0 | BH31: =Table1[[#This Row],[StartTime]]+$BG$2 -> 0.041666667
C32: =BH32 -> 0.041666667 | U32: None | V32: None | W32: None | X32: None | Y32: FALSE | Z32: FALSE | AA32: 4:3 Fullscreen | AB32: FALSE | AC32: ESF-EF2 | AD32: 0 | AE32: FALSE | AJ32: Series Episode | AP32: Color | AQ32: Sports | AS32: 17359081 | AT32: 259478689 | AU32: French | AV32: TRUE | AW32: XListImporter (1426490) | AX32: 42205.274 | AY32: XListImporter (1426490) | AZ32: 42205.274 | BB32: =IF(BE32=BF32,"Yes","No") -> No | BC32: =IF(EFB!$N32=Table1[[#This Row],[ProgramTitle]],"Yes","No") -> Yes | BD32: =IF(EFB!$S32=Table1[[#This Row],[SeriesEpisodeTitle]],"Yes","No") -> Yes | BE32: =TIME(HOUR(C32),MINUTE(C32),SECOND(0)) -> 0.041666667 | BF32: =TIME(HOUR(L32),MINUTE(L32),SECOND(0)) -> 0 | BH32: =Table1[[#This Row],[StartTime]]+$BG$2 -> 0.041666667
C33: =BH33 -> 0.041666667 | U33: None | V33: None | W33: None | X33: None | Y33: FALSE | Z33: FALSE | AA33: 4:3 Fullscreen | AB33: FALSE | AC33: 3ème étape | AD33: 0 | AE33: FALSE | AG33: Live | AJ33: Series Episode | AP33: Color | AQ33: Sports | AS33: 27580025 | AT33: 259702273 | AU33: French | AV33: TRUE | AW33: XListImporter (1426490) | AX33: 42205.274 | AY33: XListImporter (1426490) | AZ33: 42205.274 | BB33: =IF(BE33=BF33,"Yes","No") -> No | BC33: =IF(EFB!$N33=Table1[[#This Row],[ProgramTitle]],"Yes","No") -> Yes | BD33: =IF(EFB!$S33=Table1[[#This Row],[SeriesEpisodeTitle]],"Yes","No") -> Yes | BE33: =TIME(HOUR(C33),MINUTE(C33),SECOND(0)) -> 0.041666667 | BF33: =TIME(HOUR(L33),MINUTE(L33),SECOND(0)) -> 0 | BH33: =Table1[[#This Row],[StartTime]]+$BG$2 -> 0.041666667
C34: =BH34 -> 0.041666667 | U34: None | V34: None | W34: None | X34: None | Y34: FALSE | Z34: FALSE | AA34: 4:3 Fullscreen | AB34: FALSE | AC34: ESF-EF2 | AD34: 0 | AE34: FALSE | AJ34: Series Episode | AP34: Color | AQ34: Sports | AS34: 17359081 | AT34: 259478691 | AU34: French | AV34: TRUE | AW34: XListImporter (1426490) | AX34: 42205.274 | AY34: mjayaram | AZ34: 42219.117 | BB34: =IF(BE34=BF34,"Yes","No") -> No | BC34: =IF(EFB!$N34=Table1[[#This Row],[ProgramTitle]],"Yes","No") -> Yes | BD34: =IF(EFB!$S34=Table1[[#This Row],[SeriesEpisodeTitle]],"Yes","No") -> Yes | BE34: =TIME(HOUR(C34),MINUTE(C34),SECOND(0)) -> 0.041666667 | BF34: =TIME(HOUR(L34),MINUTE(L34),SECOND(0)) -> 0 | BH34: =Table1[[#This Row],[StartTime]]+$BG$2 -> 0.041666667
C35: =BH35 -> 0.041666667 | U35: None | X35: None | Y35: FALSE | Z35: FALSE | AA35: 4:3 Fullscreen | AB35: FALSE | AC35: ESF-EF2 | AD35: 0 | AE35: FALSE | AJ35: Series Episode | AP35: Color | AQ35: Sports | AS35: 17359083 | AT35: 259478702 | AU35: French | AV35: TRUE | AW35: XListImporter (1426490) | AX35: 42205.274 | AY35: mjayaram | AZ35: 42219.117 | BB35: =IF(BE35=BF35,"Yes","No") -> No | BC35: =IF(EFB!$N35=Table1[[#This Row],[ProgramTitle]],"Yes","No") -> Yes | BD35: =IF(EFB!$S35=Table1[[#This Row],[SeriesEpisodeTitle]],"Yes","No") -> Yes | BE35: =TIME(HOUR(C35),MINUTE(C35),SECOND(0)) -> 0.041666667 | BF35: =TIME(HOUR(L35),MINUTE(L35),SECOND(0)) -> 0 | BH35: =Table1[[#This Row],[StartTime]]+$BG$2 -> 0.041666667
C36: =BH36 -> 0.041666667 | U36: None | V36: None | W36: None | X36: None | Y36: FALSE | Z36: FALSE | AA36: 4:3 Fullscreen | AB36: FALSE | AC36: ESF | AD36: 0 | AE36: FALSE | AJ36: Series Episode | AP36: Color | AQ36: Sports | AS36: 22642711 | AT36: 259478777 | AU36: French | AV36: TRUE | AW36: XListImporter (1426490) | AX36: 42205.274 | AY36: mjayaram | AZ36: 42219.117 | BB36: =IF(BE36=BF36,"Yes","No") -> No | BC36: =IF(EFB!$N36=Table1[[#This Row],[ProgramTitle]],"Yes","No") -> Yes | BD36: =IF(EFB!$S36=Table1[[#This Row],[SeriesEpisodeTitle]],"Yes","No") -> Yes | BE36: =TIME(HOUR(C36),MINUTE(C36),SECOND(0)) -> 0.041666667 | BF36: =TIME(HOUR(L36),MINUTE(L36),SECOND(0)) -> 0 | BH36: =Table1[[#This Row],[StartTime]]+$BG$2 -> 0.041666667
C37: =BH37 -> 0.041666667 | U37: None | V37: None | W37: None | X37: None | Y37: FALSE | Z37: FALSE | AA37: 4:3 Fullscreen | AB37: FALSE | AC37: ESF-EF2 EFB-EFA | AD37: 0 | AE37: FALSE | AJ37: Series Episode | AP37: Color | AQ37: Sports | AS37: 27580034 | AT37: 259478863 | AU37: French | AV37: TRUE | AW37: XListImporter (1426490) | AX37: 42205.274 | AY37: mjayaram | AZ37: 42219.117 | BB37: =IF(BE37=BF37,"Yes","No") -> No | BC37: =IF(EFB!$N37=Table1[[#This Row],[ProgramTitle]],"Yes","No") -> Yes | BD37: =IF(EFB!$S37=Table1[[#This Row],[SeriesEpisodeTitle]],"Yes","No") -> Yes | BE37: =TIME(HOUR(C37),MINUTE(C37),SECOND(0)) -> 0.041666667 | BF37: =TIME(HOUR(L37),MINUTE(L37),SECOND(0)) -> 0 | BH37: =Table1[[#This Row],[StartTime]]+$BG$2 -> 0.041666667
C38: =BH38 -> 0.041666667 | U38: None | V38: None | W38: None | X38: None | Y38: FALSE | Z38: FALSE | AA38: 4:3 Fullscreen | AB38: FALSE | AC38: ESF | AD38: 0 | AE38: FALSE | AJ38: Series Episode | AP38: Color | AQ38: Sports | AS38: 24324661 | AT38: 259478793 | AU38: French | AV38: TRUE | AW38: XListImporter (1426490) | AX38: 42205.274 | AY38: XListImporter (1426490) | AZ38: 42205.274 | BB38: =IF(BE38=BF38,"Yes","No") -> No | BC38: =IF(EFB!$N38=Table1[[#This Row],[ProgramTitle]],"Yes","No") -> Yes | BD38: =IF(EFB!$S38=Table1[[#This Row],[SeriesEpisodeTitle]],"Yes","No") -> Yes | BE38: =TIME(HOUR(C38),MINUTE(C38),SECOND(0)) -> 0.041666667 | BF38: =TIME(HOUR(L38),MINUTE(L38),SECOND(0)) -> 0 | BH38: =Table1[[#This Row],[StartTime]]+$BG$2 -> 0.041666667
C39: =BH39 -> 0.041666667 | U39: None | V39: None | W39: None | X39: None | Y39: FALSE | Z39: FALSE | AA39: 4:3 Fullscreen | AB39: FALSE | AD39: 0 | AE39: FALSE | AJ39: Series Master | AP39: Color | AQ39: Sports | AS39: 24324658 | AT39: 259478792 | AU39: French | AV39: TRUE | AW39: XListImporter (1426490) | AX39: 42205.274 | AY39: XListImporter (1426490) | AZ39: 42205.274 | BB39: =IF(BE39=BF39,"Yes","No") -> No | BC39: =IF(EFB!$N39=Table1[[#This Row],[ProgramTitle]],"Yes","No") -> Yes | BD39: =IF(EFB!$S39=Table1[[#This Row],[SeriesEpisodeTitle]],"Yes","No") -> Yes | BE39: =TIME(HOUR(C39),MINUTE(C39),SECOND(0)) -> 0.041666667 | BF39: =TIME(HOUR(L39),MINUTE(L39),SECOND(0)) -> 0 | BH39: =Table1[[#This Row],[StartTime]]+$BG$2 -> 0.041666667
C40: =BH40 -> 0.041666667 | U40: None | V40: None | W40: None | X40: None | Y40: FALSE | Z40: FALSE | AA40: 4:3 Fullscreen | AB40: FALSE | AC40: ESF | AD40: 0 | AE40: FALSE | AJ40: Series Episode | AP40: Color | AQ40: Sports | AS40: 24324654 | AT40: 259478790 | AU40: French | AV40: TRUE | AW40: XListImporter (1426490) | AX40: 42205.274 | AY40: XListImporter (1426490) | AZ40: 42205.274 | BB40: =IF(BE40=BF40,"Yes","No") -> No | BC40: =IF(EFB!$N40=Table1[[#This Row],[ProgramTitle]],"Yes","No") -> Yes | BD40: =IF(EFB!$S40=Table1[[#This Row],[SeriesEpisodeTitle]],"Yes","No") -> Yes | BE40: =TIME(HOUR(C40),MINUTE(C40),SECOND(0)) -> 0.041666667 | BF40: =TIME(HOUR(L40),MINUTE(L40),SECOND(0)) -> 0 | BH40: =Table1[[#This Row],[StartTime]]+$BG$2 -> 0.041666667
C41: =BH41 -> 0.041666667 | U41: None | V41: None | W41: None | X41: None | Y41: FALSE | Z41: FALSE | AA41: 4:3 Fullscreen | AB41: FALSE | AD41: 0 | AE41: FALSE | AJ41: Series Master | AP41: Color | AQ41: Sports | AS41: 24694175 | AT41: 283497780 | AU41: French | AV41: TRUE | AW41: mjayaram | AX41: 42219.117 | AY41: mjayaram | AZ41: 42219.117 | BB41: =IF(BE41=BF41,"Yes","No") -> No | BC41: =IF(EFB!$N41=Table1[[#This Row],[ProgramTitle]],"Yes","No") -> Yes | BD41: =IF(EFB!$S41=Table1[[#This Row],[SeriesEpisodeTitle]],"Yes","No") -> Yes | BE41: =TIME(HOUR(C41),MINUTE(C41),SECOND(0)) -> 0.041666667 | BF41: =TIME(HOUR(L41),MINUTE(L41),SECOND(0)) -> 0 | BH41: =Table1[[#This Row],[StartTime]]+$BG$2 -> 0.041666667
C42: =BH42 -> 0.041666667 | U42: None | V42: None | W42: None | X42: None | Y42: FALSE | Z42: FALSE | AA42: 4:3 Fullscreen | AB42: FALSE | AD42: 0 | AE42: FALSE | AJ42: Series Master | AP42: Color | AQ42: Sports | AS42: 27580013 | AT42: 283497781 | AU42: French | AV42: TRUE | AW42: mjayaram | AX42: 42219.117 | AY42: mjayaram | AZ42: 42219.117 | BB42: =IF(BE42=BF42,"Yes","No") -> No | BC42: =IF(EFB!$N42=Table1[[#This Row],[ProgramTitle]],"Yes","No") -> Yes | BD42: =IF(EFB!$S42=Table1[[#This Row],[SeriesEpisodeTitle]],"Yes","No") -> Yes | BE42: =TIME(HOUR(C42),MINUTE(C42),SECOND(0)) -> 0.041666667 | BF42: =TIME(HOUR(L42),MINUTE(L42),SECOND(0)) -> 0 | BH42: =Table1[[#This Row],[StartTime]]+$BG$2 -> 0.041666667
C43: =BH43 -> 0.041666667 | U43: None | V43: None | W43: None | X43: None | Y43: FALSE | Z43: FALSE | AA43: 4:3 Fullscreen | AB43: FALSE | AC43: ESF-EF2 EFB-EFA | AD43: 0 | AE43: FALSE | AJ43: Series Episode | AP43: Color | AQ43: Sports | AS43: 27580034 | AT43: 259478861 | AU43: French | AV43: TRUE | AW43: XListImporter (1426490) | AX43: 42205.274 | AY43: XListImporter (1426490) | AZ43: 42205.274 | BB43: =IF(BE43=BF43,"Yes","No") -> No | BC43: =IF(EFB!$N43=Table1[[#This Row],[ProgramTitle]],"Yes","No") -> Yes | BD43: =IF(EFB!$S43=Table1[[#This Row],[SeriesEpisodeTitle]],"Yes","No") -> Yes | BE43: =TIME(HOUR(C43),MINUTE(C43),SECOND(0)) -> 0.041666667 | BF43: =TIME(HOUR(L43),MINUTE(L43),SECOND(0)) -> 0 | BH43: =Table1[[#This Row],[StartTime]]+$BG$2 -> 0.041666667
C44: =BH44 -> 0.041666667 | U44: None | V44: None | W44: None | X44: None | Y44: FALSE | Z44: FALSE | AA44: 4:3 Fullscreen | AB44: FALSE | AC44: Closedown French Channels | AD44: 0 | AE44: FALSE | AJ44: Series Master | AP44: Color | AQ44: Other | AS44: 22808296 | AT44: 259478779 | AU44: French | AV44: TRUE | AW44: asprimont | AX44: 42205.286 | AY44: asprimont | AZ44: 42205.286 | BB44: =IF(BE44=BF44,"Yes","No") -> No | BC44: =IF(EFB!$N44=Table1[[#This Row],[ProgramTitle]],"Yes","No") -> Yes | BD44: =IF(EFB!$S44=Table1[[#This Row],[SeriesEpisodeTitle]],"Yes","No") -> Yes | BE44: =TIME(HOUR(C44),MINUTE(C44),SECOND(0)) -> 0.041666667 | BF44: =TIME(HOUR(L44),MINUTE(L44),SECOND(0)) -> 0 | BH44: =Table1[[#This Row],[StartTime]]+$BG$2 -> 0.041666667
C45: =BH45 -> 0.041666667 | U45: None | V45: None | W45: None | X45: None | Y45: FALSE | Z45: FALSE | AA45: 4:3 Fullscreen | AB45: FALSE | AC45: ESF | AD45: 0 | AE45: FALSE | AJ45: Series Master | AP45: Color | AQ45: Sports | AS45: 15340174 | AT45: 259478645 | AU45: French | AV45: TRUE | AW45: XListImporter (1426490) | AX45: 42205.274 | AY45: XListImporter (1426490) | AZ45: 42205.274 | BB45: =IF(BE45=BF45,"Yes","No") -> No | BC45: =IF(EFB!$N45=Table1[[#This Row],[ProgramTitle]],"Yes","No") -> Yes | BD45: =IF(EFB!$S45=Table1[[#This Row],[SeriesEpisodeTitle]],"Yes","No") -> Yes | BE45: =TIME(HOUR(C45),MINUTE(C45),SECOND(0)) -> 0.041666667 | BF45: =TIME(HOUR(L45),MINUTE(L45),SECOND(0)) -> 0 | BH45: =Table1[[#This Row],[StartTime]]+$BG$2 -> 0.041666667
C46: =BH46 -> 0.041666667 | U46: None | V46: None | W46: None | X46: None | Y46: FALSE | Z46: FALSE | AA46: 4:3 Fullscreen | AB46: FALSE | AC46: ESF | AD46: 0 | AE46: FALSE | AJ46: Series Episode | AP46: Color | AQ46: Sports | AS46: 22642711 | AT46: 259478776 | AU46: French | AV46: TRUE | AW46: XListImporter (1426490) | AX46: 42205.274 | AY46: XListImporter (1426490) | AZ46: 42205.274 | BB46: =IF(BE46=BF46,"Yes","No") -> No | BC46: =IF(EFB!$N46=Table1[[#This Row],[ProgramTitle]],"Yes","No") -> Yes | BD46: =IF(EFB!$S46=Table1[[#This Row],[SeriesEpisodeTitle]],"Yes","No") -> Yes | BE46: =TIME(HOUR(C46),MINUTE(C46),SECOND(0)) -> 0.041666667 | BF46: =TIME(HOUR(L46),MINUTE(L46),SECOND(0)) -> 0 | BH46: =Table1[[#This Row],[StartTime]]+$BG$2 -> 0.041666667
C47: =BH47 -> 0.041666667 | U47: None | V47: None | W47: None | X47: None | Y47: FALSE | Z47: FALSE | AA47: 4:3 Fullscreen | AB47: FALSE | AC47: ESF | AD47: 0 | AE47: FALSE | AJ47: Series Episode | AP47: Color | AQ47: Sports | AS47: 24324661 | AT47: 259478794 | AU47: French | AV47: TRUE | AW47: XListImporter (1426490) | AX47: 42205.274 | AY47: XListImporter (1426490) | AZ47: 42205.274 | BB47: =IF(BE47=BF47,"Yes","No") -> No | BC47: =IF(EFB!$N47=Table1[[#This Row],[ProgramTitle]],"Yes","No") -> Yes | BD47: =IF(EFB!$S47=Table1[[#This Row],[SeriesEpisodeTitle]],"Yes","No") -> Yes | BE47: =TIME(HOUR(C47),MINUTE(C47),SECOND(0)) -> 0.041666667 | BF47: =TIME(HOUR(L47),MINUTE(L47),SECOND(0)) -> 0 | BH47: =Table1[[#This Row],[StartTime]]+$BG$2 -> 0.041666667
C48: =BH48 -> 0.041666667 | U48: None | V48: None | W48: None | X48: None | Y48: FALSE | Z48: FALSE | AA48: 4:3 Fullscreen | AB48: FALSE | AC48: ESF | AD48: 0 | AE48: FALSE | AJ48: Series Episode | AP48: Color | AQ48: Sports | AS48: 24324654 | AT48: 259478789 | AU48: French | AV48: TRUE | AW48: XListImporter (1426490) | AX48: 42205.274 | AY48: XListImporter (1426490) | AZ48: 42205.274 | BB48: =IF(BE48=BF48,"Yes","No") -> No | BC48: =IF(EFB!$N48=Table1[[#This Row],[ProgramTitle]],"Yes","No") -> Yes | BD48: =IF(EFB!$S48=Table1[[#This Row],[SeriesEpisodeTitle]],"Yes","No") -> Yes | BE48: =TIME(HOUR(C48),MINUTE(C48),SECOND(0)) -> 0.041666667 | BF48: =TIME(HOUR(L48),MINUTE(L48),SECOND(0)) -> 0 | BH48: =Table1[[#This Row],[StartTime]]+$BG$2 -> 0.041666667
C49: =BH49 -> 0.041666667 | U49: None | V49: None | W49: None | X49: None | Y49: FALSE | Z49: FALSE | AA49: 4:3 Fullscreen | AB49: FALSE | AC49: ESF-EF2 EFB-EFA | AD49: 0 | AE49: FALSE | AJ49: Series Episode | AP49: Color | AQ49: Sports | AS49: 27580034 | AT49: 259478864 | AU49: French | AV49: TRUE | AW49: XListImporter (1426490) | AX49: 42205.274 | AY49: mjayaram | AZ49: 42220.114 | BB49: =IF(BE49=BF49,"Yes","No") -> No | BC49: =IF(EFB!$N49=Table1[[#This Row],[ProgramTitle]],"Yes","No") -> Yes | BD49: =IF(EFB!$S49=Table1[[#This Row],[SeriesEpisodeTitle]],"Yes","No") -> Yes | BE49: =TIME(HOUR(C49),MINUTE(C49),SECOND(0)) -> 0.041666667 | BF49: =TIME(HOUR(L49),MINUTE(L49),SECOND(0)) -> 0 | BH49: =Table1[[#This Row],[StartTime]]+$BG$2 -> 0.041666667
C50: =BH50 -> 0.041666667 | U50: None | V50: None | W50: None | X50: None | Y50: FALSE | Z50: FALSE | AA50: 4:3 Fullscreen | AB50: FALSE | AC50: ESF | AD50: 0 | AE50: FALSE | AJ50: Series Master | AP50: Color | AQ50: Sports | AS50: 15340174 | AT50: 259478646 | AU50: French | AV50: TRUE | AW50: XListImporter (1426490) | AX50: 42205.274 | AY50: XListImporter (1426490) | AZ50: 42205.274 | BB50: =IF(BE50=BF50,"Yes","No") -> No | BC50: =IF(EFB!$N50=Table1[[#This Row],[ProgramTitle]],"Yes","No") -> Yes | BD50: =IF(EFB!$S50=Table1[[#This Row],[SeriesEpisodeTitle]],"Yes","No") -> Yes | BE50: =TIME(HOUR(C50),MINUTE(C50),SECOND(0)) -> 0.041666667 | BF50: =TIME(HOUR(L50),MINUTE(L50),SECOND(0)) -> 0 | BH50: =Table1[[#This Row],[StartTime]]+$BG$2 -> 0.041666667
C51: =BH51 -> 0.041666667 | U51: None | V51: None | W51: None | X51: None | Y51: FALSE | Z51: FALSE | AA51: 4:3 Fullscreen | AB51: FALSE | AC51: 3ème étape | AD51: 0 | AE51: FALSE | AJ51: Series Episode | AP51: Color | AQ51: Sports | AS51: 27580025 | AT51: 259702272 | AU51: French | AV51: TRUE | AW51: XListImporter (1426490) | AX51: 42205.274 | AY51: XListImporter (1426490) | AZ51: 42205.274 | BB51: =IF(BE51=BF51,"Yes","No") -> No | BC51: =IF(EFB!$N51=Table1[[#This Row],[ProgramTitle]],"Yes","No") -> Yes | BD51: =IF(EFB!$S51=Table1[[#This Row],[SeriesEpisodeTitle]],"Yes","No") -> Yes | BE51: =TIME(HOUR(C51),MINUTE(C51),SECOND(0)) -> 0.041666667 | BF51: =TIME(HOUR(L51),MINUTE(L51),SECOND(0)) -> 0 | BH51: =Table1[[#This Row],[StartTime]]+$BG$2 -> 0.041666667
C52: =BH52 -> 0.041666667 | U52: None | V52: None | W52: None | X52: None | Y52: FALSE | Z52: FALSE | AA52: 4:3 Fullscreen | AB52: FALSE | AC52: ESF-EF2 | AD52: 0 | AE52: FALSE | AJ52: Series Episode | AP52: Color | AQ52: Sports | AS52: 17359081 | AT52: 259478688 | AU52: French | AV52: TRUE | AW52: XListImporter (1426490) | AX52: 42205.274 | AY52: XListImporter (1426490) | AZ52: 42205.274 | BB52: =IF(BE52=BF52,"Yes","No") -> No | BC52: =IF(EFB!$N52=Table1[[#This Row],[ProgramTitle]],"Yes","No") -> Yes | BD52: =IF(EFB!$S52=Table1[[#This Row],[SeriesEpisodeTitle]],"Yes","No") -> Yes | BE52: =TIME(HOUR(C52),MINUTE(C52),SECOND(0)) -> 0.041666667 | BF52: =TIME(HOUR(L52),MINUTE(L52),SECOND(0)) -> 0 | BH52: =Table1[[#This Row],[StartTime]]+$BG$2 -> 0.041666667
C53: =BH53 -> 0.041666667 | U53: None | V53: None | W53: None | X53: None | Y53: FALSE | Z53: FALSE | AA53: 4:3 Fullscreen | AB53: FALSE | AC53: ESF | AD53: 0 | AE53: FALSE | AJ53: Series Episode | AP53: Color | AQ53: Sports | AS53: 22642711 | AT53: 259478775 | AU53: French | AV53: TRUE | AW53: XListImporter (1426490) | AX53: 42205.274 | AY53: XListImporter (1426490) | AZ53: 42205.274 | BB53: =IF(BE53=BF53,"Yes","No") -> No | BC53: =IF(EFB!$N53=Table1[[#This Row],[ProgramTitle]],"Yes","No") -> Yes | BD53: =IF(EFB!$S53=Table1[[#This Row],[SeriesEpisodeTitle]],"Yes","No") -> Yes | BE53: =TIME(HOUR(C53),MINUTE(C53),SECOND(0)) -> 0.041666667 | BF53: =TIME(HOUR(L53),MINUTE(L53),SECOND(0)) -> 0 | BH53: =Table1[[#This Row],[StartTime]]+$BG$2 -> 0.041666667
C54: =BH54 -> 0.041666667 | U54: None | V54: None | W54: None | X54: None | Y54: FALSE | Z54: FALSE | AA54: 4:3 Fullscreen | AB54: FALSE | AC54: ESF-EF2 | AD54: 0 | AE54: FALSE | AJ54: Series Episode | AP54: Color | AQ54: Sports | AS54: 17359083 | AT54: 259478703 | AU54: French | AV54: TRUE | AW54: XListImporter (1426490) | AX54: 42205.274 | AY54: XListImporter (1426490) | AZ54: 42205.274 | BB54: =IF(BE54=BF54,"Yes","No") -> No | BC54: =IF(EFB!$N54=Table1[[#This Row],[ProgramTitle]],"Yes","No") -> Yes | BD54: =IF(EFB!$S54=Table1[[#This Row],[SeriesEpisodeTitle]],"Yes","No") -> Yes | BE54: =TIME(HOUR(C54),MINUTE(C54),SECOND(0)) -> 0.041666667 | BF54: =TIME(HOUR(L54),MINUTE(L54),SECOND(0)) -> 0 | BH54: =Table1[[#This Row],[StartTime]]+$BG$2 -> 0.041666667
C55: =BH55 -> 0.041666667 | U55: None | V55: None | W55: None | X55: None | Y55: FALSE | Z55: FALSE | AA55: 4:3 Fullscreen | AB55: FALSE | AC55: 3ème étape | AD55: 0 | AE55: FALSE | AJ55: Series Episode | AP55: Color | AQ55: Sports | AS55: 27580025 | AT55: 259702271 | AU55: French | AV55: TRUE | AW55: XListImporter (1426490) | AX55: 42205.274 | AY55: XListImporter (1426490) | AZ55: 42205.274 | BB55: =IF(BE55=BF55,"Yes","No") -> No | BC55: =IF(EFB!$N55=Table1[[#This Row],[ProgramTitle]],"Yes","No") -> Yes | BD55: =IF(EFB!$S55=Table1[[#This Row],[SeriesEpisodeTitle]],"Yes","No") -> Yes | BE55: =TIME(HOUR(C55),MINUTE(C55),SECOND(0)) -> 0.041666667 | BF55: =TIME(HOUR(L55),MINUTE(L55),SECOND(0)) -> 0 | BH55: =Table1[[#This Row],[StartTime]]+$BG$2 -> 0.041666667
C56: =BH56 -> 0.041666667 | U56: None | V56: None | W56: None | X56: None | Y56: FALSE | Z56: FALSE | AA56: 4:3 Fullscreen | AB56: FALSE | AC56: 3ème étape | AD56: 0 | AE56: FALSE | AG56: Live | AJ56: Series Episode | AP56: Color | AQ56: Sports | AS56: 27580017 | AT56: 259702266 | AU56: French | AV56: TRUE | AW56: XListImporter (1426490) | AX56: 42205.274 | AY56: XListImporter (1426490) | AZ56: 42205.274 | BB56: =IF(BE56=BF56,"Yes","No") -> No | BC56: =IF(EFB!$N56=Table1[[#This Row],[ProgramTitle]],"Yes","No") -> Yes | BD56: =IF(EFB!$S56=Table1[[#This Row],[SeriesEpisodeTitle]],"Yes","No") -> Yes | BE56: =TIME(HOUR(C56),MINUTE(C56),SECOND(0)) -> 0.041666667 | BF56: =TIME(HOUR(L56),MINUTE(L56),SECOND(0)) -> 0 | BH56: =Table1[[#This Row],[StartTime]]+$BG$2 -> 0.041666667
C57: =BH57 -> 0.041666667 | U57: None | V57: None | W57: None | X57: None | Y57: FALSE | Z57: FALSE | AA57: 4:3 Fullscreen | AB57: FALSE | AC57: ESF-EF2 | AD57: 0 | AE57: FALSE | AJ57: Series Episode | AP57: Color | AQ57: Sports | AS57: 17359083 | AT57: 259478701 | AU57: French | AV57: TRUE | AW57: XListImporter (1426490) | AX57: 42205.274 | AY57: mjayaram | AZ57: 42220.114 | BB57: =IF(BE57=BF57,"Yes","No") -> No | BC57: =IF(EFB!$N57=Table1[[#This Row],[ProgramTitle]],"Yes","No") -> Yes | BD57: =IF(EFB!$S57=Table1[[#This Row],[SeriesEpisodeTitle]],"Yes","No") -> Yes | BE57: =TIME(HOUR(C57),MINUTE(C57),SECOND(0)) -> 0.041666667 | BF57: =TIME(HOUR(L57),MINUTE(L57),SECOND(0)) -> 0 | BH57: =Table1[[#This Row],[StartTime]]+$BG$2 -> 0.041666667
C58: =BH58 -> 0.041666667 | U58: None | V58: None | W58: None | X58: None | Y58: FALSE | Z58: FALSE | AA58: 4:3 Fullscreen | AB58: FALSE | AC58: ESF-EF2 | AD58: 0 | AE58: FALSE | AG58: Live | AJ58: Series Episode | AP58: Color | AQ58: Sports | AS58: 17359079 | AT58: 259478687 | AU58: French | AV58: TRUE | AW58: XListImporter (1426490) | AX58: 42205.274 | AY58: mjayaram | AZ58: 42220.114 | BB58: =IF(BE58=BF58,"Yes","No") -> No | BC58: =IF(EFB!$N58=Table1[[#This Row],[ProgramTitle]],"Yes","No") -> Yes | BD58: =IF(EFB!$S58=Table1[[#This Row],[SeriesEpisodeTitle]],"Yes","No") -> Yes | BE58: =TIME(HOUR(C58),MINUTE(C58),SECOND(0)) -> 0.041666667 | BF58: =TIME(HOUR(L58),MINUTE(L58),SECOND(0)) -> 0 | BH58: =Table1[[#This Row],[StartTime]]+$BG$2 -> 0.041666667
C59: =BH59 -> 0.041666667 | U59: None | V59: None | W59: None | X59: None | Y59: FALSE | Z59: FALSE | AA59: 4:3 Fullscreen | AB59: FALSE | AD59: 0 | AE59: FALSE | AJ59: Series Master | AP59: Color | AQ59: Sports | AS59: 18126380 | AT59: 259478739 | AU59: French | AV59: TRUE | AW59: XListImporter (1426490) | AX59: 42205.274 | AY59: mjayaram | AZ59: 42220.114 | BB59: =IF(BE59=BF59,"Yes","No") -> No | BC59: =IF(EFB!$N59=Table1[[#This Row],[ProgramTitle]],"Yes","No") -> Yes | BD59: =IF(EFB!$S59=Table1[[#This Row],[SeriesEpisodeTitle]],"Yes","No") -> Yes | BE59: =TIME(HOUR(C59),MINUTE(C59),SECOND(0)) -> 0.041666667 | BF59: =TIME(HOUR(L59),MINUTE(L59),SECOND(0)) -> 0 | BH59: =Table1[[#This Row],[StartTime]]+$BG$2 -> 0.041666667
C60: =BH60 -> 0.041666667 | U60: None | V60: None | W60: None | X60: None | Y60: FALSE | Z60: FALSE | AA60: 4:3 Fullscreen | AB60: FALSE | AC60: 3ème étape | AD60: 0 | AE60: FALSE | AJ60: Series Episode | AP60: Color | AQ60: Sports | AS60: 27580017 | AT60: 259702265 | AU60: French | AV60: TRUE | AW60: XListImporter (1426490) | AX60: 42205.274 | AY60: mjayaram | AZ60: 42220.114 | BB60: =IF(BE60=BF60,"Yes","No") -> No | BC60: =IF(EFB!$N60=Table1[[#This Row],[ProgramTitle]],"Yes","No") -> Yes | BD60: =IF(EFB!$S60=Table1[[#This Row],[SeriesEpisodeTitle]],"Yes","No") -> Yes | BE60: =TIME(HOUR(C60),MINUTE(C60),SECOND(0)) -> 0.041666667 | BF60: =TIME(HOUR(L60),MINUTE(L60),SECOND(0)) -> 0 | BH60: =Table1[[#This Row],[StartTime]]+$BG$2 -> 0.041666667
C61: =BH61 -> 0.041666667 | U61: None | V61: None | W61: None | X61: None | Y61: FALSE | Z61: FALSE | AA61: 4:3 Fullscreen | AB61: FALSE | AC61: ESF | AD61: 0 | AE61: FALSE | AJ61: Series Master | AP61: Color | AQ61: Sports | AS61: 15329153 | AT61: 259478642 | AU61: French | AV61: TRUE | AW61: XListImporter (1426490) | AX61: 42205.274 | AY61: XListImporter (1426490) | AZ61: 42205.274 | BB61: =IF(BE61=BF61,"Yes","No") -> No | BC61: =IF(EFB!$N61=Table1[[#This Row],[ProgramTitle]],"Yes","No") -> Yes | BD61: =IF(EFB!$S61=Table1[[#This Row],[SeriesEpisodeTitle]],"Yes","No") -> Yes | BE61: =TIME(HOUR(C61),MINUTE(C61),SECOND(0)) -> 0.041666667 | BF61: =TIME(HOUR(L61),MINUTE(L61),SECOND(0)) -> 0 | BH61: =Table1[[#This Row],[StartTime]]+$BG$2 -> 0.041666667
C62: =BH62 -> 0.041666667 | V62: None | W62: None | X62: None | Y62: FALSE | Z62: FALSE | AA62: 4:3 Fullscreen | AB62: FALSE | AC62: ISIS | AD62: 0 | AE62: FALSE | AJ62: Series Master | AP62: Color | AQ62: Sports | AS62: 15329407 | AT62: 259478644 | AU62: French | AV62: TRUE | AW62: XListImporter (1426490) | AX62: 42205.274 | AY62: XListImporter (1426490) | AZ62: 42205.274 | BB62: =IF(BE62=BF62,"Yes","No") -> No | BC62: =IF(EFB!$N62=Table1[[#This Row],[ProgramTitle]],"Yes","No") -> Yes | BD62: =IF(EFB!$S62=Table1[[#This Row],[SeriesEpisodeTitle]],"Yes","No") -> Yes | BE62: =TIME(HOUR(C62),MINUTE(C62),SECOND(0)) -> 0.041666667 | BF62: =TIME(HOUR(L62),MINUTE(L62),SECOND(0)) -> 0 | BH62: =Table1[[#This Row],[StartTime]]+$BG$2 -> 0.041666667
C63: =BH63 -> 0.041666667 | V63: None | W63: None | X63: None | Y63: FALSE | Z63: FALSE | AA63: 4:3 Fullscreen | AB63: FALSE | AC63: ESF | AD63: 0 | AE63: FALSE | AJ63: Series Master | AP63: Color | AQ63: Sports | AS63: 15197712 | AT63: 259478633 | AU63: French | AV63: TRUE | AW63: XListImporter (1426490) | AX63: 42205.274 | AY63: XListImporter (1426490) | AZ63: 42205.274 | BB63: =IF(BE63=BF63,"Yes","No") -> No | BC63: =IF(EFB!$N63=Table1[[#This Row],[ProgramTitle]],"Yes","No") -> Yes | BD63: =IF(EFB!$S63=Table1[[#This Row],[SeriesEpisodeTitle]],"Yes","No") -> Yes | BE63: =TIME(HOUR(C63),MINUTE(C63),SECOND(0)) -> 0.041666667 | BF63: =TIME(HOUR(L63),MINUTE(L63),SECOND(0)) -> 0 | BH63: =Table1[[#This Row],[StartTime]]+$BG$2 -> 0.041666667
C64: =BH64 -> 0.041666667 | V64: None | W64: None | X64: None | Y64: FALSE | Z64: FALSE | AA64: 4:3 Fullscreen | AB64: FALSE | AC64: ISIS | AD64: 0 | AE64: FALSE | AJ64: Series Master | AP64: Color | AQ64: Sports | AS64: 15187590 | AT64: 259478630 | AU64: French | AV64: TRUE | AW64: XListImporter (1426490) | AX64: 42205.274 | AY64: XListImporter (1426490) | AZ64: 42205.274 | BB64: =IF(BE64=BF64,"Yes","No") -> No | BC64: =IF(EFB!$N64=Table1[[#This Row],[ProgramTitle]],"Yes","No") -> Yes | BD64: =IF(EFB!$S64=Table1[[#This Row],[SeriesEpisodeTitle]],"Yes","No") -> Yes | BE64: =TIME(HOUR(C64),MINUTE(C64),SECOND(0)) -> 0.041666667 | BF64: =TIME(HOUR(L64),MINUTE(L64),SECOND(0)) -> 0 | BH64: =Table1[[#This Row],[StartTime]]+$BG$2 -> 0.041666667
C65: =BH65 -> 0.041666667 | U65: None | V65: None | W65: None | X65: None | Y65: FALSE | Z65: FALSE | AA65: 4:3 Fullscreen | AB65: FALSE | AD65: 0 | AE65: FALSE | AJ65: Series Episode | AP65: Color | AQ65: Sports | AS65: 27580047 | AT65: 259478868 | AU65: French | AV65: TRUE | AW65: XListImporter (1426490) | AX65: 42205.274 | AY65: XListImporter (1426490) | AZ65: 42205.274 | BB65: =IF(BE65=BF65,"Yes","No") -> No | BC65: =IF(EFB!$N65=Table1[[#This Row],[ProgramTitle]],"Yes","No") -> Yes | BD65: =IF(EFB!$S65=Table1[[#This Row],[SeriesEpisodeTitle]],"Yes","No") -> Yes | BE65: =TIME(HOUR(C65),MINUTE(C65),SECOND(0)) -> 0.041666667 | BF65: =TIME(HOUR(L65),MINUTE(L65),SECOND(0)) -> 0 | BH65: =Table1[[#This Row],[StartTime]]+$BG$2 -> 0.041666667
C66: =BH66 -> 0.041666667 | U66: None | V66: None | W66: None | X66: None | Y66: FALSE | Z66: FALSE | AA66: 4:3 Fullscreen | AB66: FALSE | AD66: 0 | AE66: FALSE | AJ66: Series Episode | AP66: Color | AQ66: Other | AS66: 27580046 | AT66: 259478867 | AU66: French | AV66: TRUE | AW66: XListImporter (1426490) | AX66: 42205.274 | AY66: XListImporter (1426490) | AZ66: 42205.274 | BB66: =IF(BE66=BF66,"Yes","No") -> No | BC66: =IF(EFB!$N66=Table1[[#This Row],[ProgramTitle]],"Yes","No") -> Yes | BD66: =IF(EFB!$S66=Table1[[#This Row],[SeriesEpisodeTitle]],"Yes","No") -> Yes | BE66: =TIME(HOUR(C66),MINUTE(C66),SECOND(0)) -> 0.041666667 | BF66: =TIME(HOUR(L66),MINUTE(L66),SECOND(0)) -> 0 | BH66: =Table1[[#This Row],[StartTime]]+$BG$2 -> 0.041666667
C67: =BH67 -> 0.041666667 | U67: None | V67: None | W67: None | X67: None | Y67: FALSE | Z67: FALSE | AA67: 4:3 Fullscreen | AB67: FALSE | AC67: ISIS | AD67: 0 | AE67: FALSE | AJ67: Series Episode | AP67: Color | AQ67: Sports | AS67: 19394025 | AT67: 259478741 | AU67: French | AV67: TRUE | AW67: XListImporter (1426490) | AX67: 42205.274 | AY67: XListImporter (1426490) | AZ67: 42205.274 | BB67: =IF(BE67=BF67,"Yes","No") -> No | BC67: =IF(EFB!$N67=Table1[[#This Row],[ProgramTitle]],"Yes","No") -> Yes | BD67: =IF(EFB!$S67=Table1[[#This Row],[SeriesEpisodeTitle]],"Yes","No") -> Yes | BE67: =TIME(HOUR(C67),MINUTE(C67),SECOND(0)) -> 0.041666667 | BF67: =TIME(HOUR(L67),MINUTE(L67),SECOND(0)) -> 0 | BH67: =Table1[[#This Row],[StartTime]]+$BG$2 -> 0.041666667
C68: =BH68 -> 0.041666667 | V68: None | W68: None | X68: None | Y68: FALSE | Z68: FALSE | AA68: 4:3 Fullscreen | AB68: FALSE | AC68: ESF | AD68: 0 | AE68: FALSE | AJ68: Series Master | AP68: Color | AQ68: Sports | AS68: 15604040 | AT68: 259478655 | AU68: French | AV68: TRUE | AW68: XListImporter (1426490) | AX68: 42205.274 | AY68: XListImporter (1426490) | AZ68: 42205.274 | BB68: =IF(BE68=BF68,"Yes","No") -> No | BC68: =IF(EFB!$N68=Table1[[#This Row],[ProgramTitle]],"Yes","No") -> Yes | BD68: =IF(EFB!$S68=Table1[[#This Row],[SeriesEpisodeTitle]],"Yes","No") -> Yes | BE68: =TIME(HOUR(C68),MINUTE(C68),SECOND(0)) -> 0.041666667 | BF68: =TIME(HOUR(L68),MINUTE(L68),SECOND(0)) -> 0 | BH68: =Table1[[#This Row],[StartTime]]+$BG$2 -> 0.041666667
C69: =BH69 -> 0.041666667 | V69: None | W69: None | X69: None | Y69: FALSE | Z69: FALSE | AA69: 4:3 Fullscreen | AB69: FALSE | AC69: ISIS | AD69: 0 | AE69: FALSE | AJ69: Series Master | AP69: Color | AQ69: Sports | AS69: 15475321 | AT69: 259478654 | AU69: French | AV69: TRUE | AW69: XListImporter (1426490) | AX69: 42205.274 | AY69: XListImporter (1426490) | AZ69: 42205.274 | BB69: =IF(BE69=BF69,"Yes","No") -> No | BC69: =IF(EFB!$N69=Table1[[#This Row],[ProgramTitle]],"Yes","No") -> Yes | BD69: =IF(EFB!$S69=Table1[[#This Row],[SeriesEpisodeTitle]],"Yes","No") -> Yes | BE69: =TIME(HOUR(C69),MINUTE(C69),SECOND(0)) -> 0.041666667 | BF69: =TIME(HOUR(L69),MINUTE(L69),SECOND(0)) -> 0 | BH69: =Table1[[#This Row],[StartTime]]+$BG$2 -> 0.041666667
C70: =BH70 -> 0.041666667 | U70: None | V70: None | W70: None | X70: None | Y70: FALSE | Z70: FALSE | AA70: 4:3 Fullscreen | AB70: FALSE | AC70: ESF | AD70: 0 | AE70: FALSE | AJ70: Series Master | AP70: Color | AQ70: Sports | AS70: 15329153 | AT70: 259478643 | AU70: French | AV70: TRUE | AW70: XListImporter (1426490) | AX70: 42205.274 | AY70: XListImporter (1426490) | AZ70: 42205.274 | BB70: =IF(BE70=BF70,"Yes","No") -> No | BC70: =IF(EFB!$N70=Table1[[#This Row],[ProgramTitle]],"Yes","No") -> Yes | BD70: =IF(EFB!$S70=Table1[[#This Row],[SeriesEpisodeTitle]],"Yes","No") -> Yes | BE70: =TIME(HOUR(C70),MINUTE(C70),SECOND(0)) -> 0.041666667 | BF70: =TIME(HOUR(L70),MINUTE(L70),SECOND(0)) -> 0 | BH70: =Table1[[#This Row],[StartTime]]+$BG$2 -> 0.041666667
C71: =BH71 -> 0.041666667 | U71: None | V71: None | W71: None | X71: None | Y71: FALSE | Z71: FALSE | AA71: 4:3 Fullscreen | AB71: FALSE | AC71: ESF-EF2 | AD71: 0 | AE71: FALSE | AJ71: Series Episode | AP71: Color | AQ71: Sports | AS71: 17359079 | AT71: 259478685 | AU71: French | AV71: TRUE | AW71: XListImporter (1426490) | AX71: 42205.274 | AY71: XListImporter (1426490) | AZ71: 42205.274 | BB71: =IF(BE71=BF71,"Yes","No") -> No | BC71: =IF(EFB!$N71=Table1[[#This Row],[ProgramTitle]],"Yes","No") -> Yes | BD71: =IF(EFB!$S71=Table1[[#This Row],[SeriesEpisodeTitle]],"Yes","No") -> Yes | BE71: =TIME(HOUR(C71),MINUTE(C71),SECOND(0)) -> 0.041666667 | BF71: =TIME(HOUR(L71),MINUTE(L71),SECOND(0)) -> 0 | BH71: =Table1[[#This Row],[StartTime]]+$BG$2 -> 0.041666667
C72: =BH72 -> 0.041666667 | U72: None | V72: None | W72: None | X72: None | Y72: FALSE | Z72: FALSE | AA72: 4:3 Fullscreen | AB72: FALSE | AC72: ESF | AD72: 0 | AE72: FALSE | AJ72: Series Episode | AP72: Color | AQ72: Sports | AS72: 22642711 | AT72: 259478770 | AU72: French | AV72: TRUE | AW72: XListImporter (1426490) | AX72: 42205.274 | AY72: XListImporter (1426490) | AZ72: 42205.274 | BB72: =IF(BE72=BF72,"Yes","No") -> No | BC72: =IF(EFB!$N72=Table1[[#This Row],[ProgramTitle]],"Yes","No") -> Yes | BD72: =IF(EFB!$S72=Table1[[#This Row],[SeriesEpisodeTitle]],"Yes","No") -> Yes | BE72: =TIME(HOUR(C72),MINUTE(C72),SECOND(0)) -> 0.041666667 | BF72: =TIME(HOUR(L72),MINUTE(L72),SECOND(0)) -> 0 | BH72: =Table1[[#This Row],[StartTime]]+$BG$2 -> 0.041666667
C73: =BH73 -> 0.041666667 | U73: None | V73: None | W73: None | X73: None | Y73: FALSE | Z73: FALSE | AA73: 4:3 Fullscreen | AB73: FALSE | AC73: Closedown French Channels | AD73: 0 | AE73: FALSE | AJ73: Series Master | AP73: Color | AQ73: Other | AS73: 22808296 | AT73: 259478782 | AU73: French | AV73: TRUE | AW73: asprimont | AX73: 42205.286 | AY73: asprimont | AZ73: 42205.286 | BB73: =IF(BE73=BF73,"Yes","No") -> No | BC73: =IF(EFB!$N73=Table1[[#This Row],[ProgramTitle]],"Yes","No") -> Yes | BD73: =IF(EFB!$S73=Table1[[#This Row],[SeriesEpisodeTitle]],"Yes","No") -> Yes | BE73: =TIME(HOUR(C73),MINUTE(C73),SECOND(0)) -> 0.041666667 | BF73: =TIME(HOUR(L73),MINUTE(L73),SECOND(0)) -> 0 | BH73: =Table1[[#This Row],[StartTime]]+$BG$2 -> 0.041666667
C74: =BH74 -> 0.041666667 | U74: None | V74: None | W74: None | X74: None | Y74: FALSE | Z74: FALSE | AA74: 4:3 Fullscreen | AB74: FALSE | AC74: ESF | AD74: 0 | AE74: FALSE | AJ74: Series Episode | AP74: Color | AQ74: Sports | AS74: 24324654 | AT74: 259478789 | AU74: French | AV74: TRUE | AW74: XListImporter (1426490) | AX74: 42205.274 | AY74: XListImporter (1426490) | AZ74: 42205.274 | BB74: =IF(BE74=BF74,"Yes","No") -> No | BC74: =IF(EFB!$N74=Table1[[#This Row],[ProgramTitle]],"Yes","No") -> Yes | BD74: =IF(EFB!$S74=Table1[[#This Row],[SeriesEpisodeTitle]],"Yes","No") -> Yes | BE74: =TIME(HOUR(C74),MINUTE(C74),SECOND(0)) -> 0.041666667 | BF74: =TIME(HOUR(L74),MINUTE(L74),SECOND(0)) -> 0 | BH74: =Table1[[#This Row],[StartTime]]+$BG$2 -> 0.041666667
C75: =BH75 -> 0.041666667 | U75: None | V75: None | W75: None | X75: None | Y75: FALSE | Z75: FALSE | AA75: 4:3 Fullscreen | AB75: FALSE | AC75: ESF-EF2 EFB-EFA | AD75: 0 | AE75: FALSE | AJ75: Series Episode | AP75: Color | AQ75: Sports | AS75: 27580034 | AT75: 259478864 | AU75: French | AV75: TRUE | AW75: XListImporter (1426490) | AX75: 42205.274 | AY75: XListImporter (1426490) | AZ75: 42205.274 | BB75: =IF(BE75=BF75,"Yes","No") -> No | BC75: =IF(EFB!$N75=Table1[[#This Row],[ProgramTitle]],"Yes","No") -> Yes | BD75: =IF(EFB!$S75=Table1[[#This Row],[SeriesEpisodeTitle]],"Yes","No") -> Yes | BE75: =TIME(HOUR(C75),MINUTE(C75),SECOND(0)) -> 0.041666667 | BF75: =TIME(HOUR(L75),MINUTE(L75),SECOND(0)) -> 0 | BH75: =Table1[[#This Row],[StartTime]]+$BG$2 -> 0.041666667
C76: =BH76 -> 0.041666667 | U76: None | V76: None | W76: None | X76: None | Y76: FALSE | Z76: FALSE | AA76: 4:3 Fullscreen | AB76: FALSE | AC76: ESF | AD76: 0 | AE76: FALSE | AJ76: Series Master | AP76: Color | AQ76: Sports | AS76: 15340174 | AT76: 259478646 | AU76: French | AV76: TRUE | AW76: XListImporter (1426490) | AX76: 42205.274 | AY76: XListImporter (1426490) | AZ76: 42205.274 | BB76: =IF(BE76=BF76,"Yes","No") -> No | BC76: =IF(EFB!$N76=Table1[[#This Row],[ProgramTitle]],"Yes","No") -> Yes | BD76: =IF(EFB!$S76=Table1[[#This Row],[SeriesEpisodeTitle]],"Yes","No") -> Yes | BE76: =TIME(HOUR(C76),MINUTE(C76),SECOND(0)) -> 0.041666667 | BF76: =TIME(HOUR(L76),MINUTE(L76),SECOND(0)) -> 0 | BH76: =Table1[[#This Row],[StartTime]]+$BG$2 -> 0.041666667
C77: =BH77 -> 0.041666667 | U77: None | V77: None | W77: None | X77: None | Y77: FALSE | Z77: FALSE | AA77: 4:3 Fullscreen | AB77: FALSE | AC77: 3ème étape | AD77: 0 | AE77: FALSE | AJ77: Series Episode | AP77: Color | AQ77: Sports | AS77: 27580025 | AT77: 259702272 | AU77: French | AV77: TRUE | AW77: XListImporter (1426490) | AX77: 42205.274 | AY77: XListImporter (1426490) | AZ77: 42205.274 | BB77: =IF(BE77=BF77,"Yes","No") -> No | BC77: =IF(EFB!$N77=Table1[[#This Row],[ProgramTitle]],"Yes","No") -> Yes | BD77: =IF(EFB!$S77=Table1[[#This Row],[SeriesEpisodeTitle]],"Yes","No") -> Yes | BE77: =TIME(HOUR(C77),MINUTE(C77),SECOND(0)) -> 0.041666667 | BF77: =TIME(HOUR(L77),MINUTE(L77),SECOND(0)) -> 0 | BH77: =Table1[[#This Row],[StartTime]]+$BG$2 -> 0.041666667
C78: =BH78 -> 0.041666667 | U78: None | V78: None | W78: None | X78: None | Y78: FALSE | Z78: FALSE | AA78: 4:3 Fullscreen | AB78: FALSE | AC78: ESF-EF2 | AD78: 0 | AE78: FALSE | AJ78: Series Episode | AP78: Color | AQ78: Sports | AS78: 17359081 | AT78: 259478688 | AU78: French | AV78: TRUE | AW78: XListImporter (1426490) | AX78: 42205.274 | AY78: XListImporter (1426490) | AZ78: 42205.274 | BB78: =IF(BE78=BF78,"Yes","No") -> No | BC78: =IF(EFB!$N78=Table1[[#This Row],[ProgramTitle]],"Yes","No") -> Yes | BD78: =IF(EFB!$S78=Table1[[#This Row],[SeriesEpisodeTitle]],"Yes","No") -> Yes | BE78: =TIME(HOUR(C78),MINUTE(C78),SECOND(0)) -> 0.041666667 | BF78: =TIME(HOUR(L78),MINUTE(L78),SECOND(0)) -> 0 | BH78: =Table1[[#This Row],[StartTime]]+$BG$2 -> 0.041666667
C79: =BH79 -> 0.041666667 | U79: None | V79: None | W79: None | X79: None | Y79: FALSE | Z79: FALSE | AA79: 4:3 Fullscreen | AB79: FALSE | AC79: ESF | AD79: 0 | AE79: FALSE | AJ79: Series Episode | AP79: Color | AQ79: Sports | AS79: 22642711 | AT79: 259478775 | AU79: French | AV79: TRUE | AW79: XListImporter (1426490) | AX79: 42205.274 | AY79: XListImporter (1426490) | AZ79: 42205.274 | BB79: =IF(BE79=BF79,"Yes","No") -> No | BC79: =IF(EFB!$N79=Table1[[#This Row],[ProgramTitle]],"Yes","No") -> Yes | BD79: =IF(EFB!$S79=Table1[[#This Row],[SeriesEpisodeTitle]],"Yes","No") -> Yes | BE79: =TIME(HOUR(C79),MINUTE(C79),SECOND(0)) -> 0.041666667 | BF79: =TIME(HOUR(L79),MINUTE(L79),SECOND(0)) -> 0 | BH79: =Table1[[#This Row],[StartTime]]+$BG$2 -> 0.041666667
C80: =BH80 -> 0.041666667 | U80: None | V80: None | W80: None | X80: None | Y80: FALSE | Z80: FALSE | AA80: 4:3 Fullscreen | AB80: FALSE | AC80: ESF-EF2 | AD80: 0 | AE80: FALSE | AJ80: Series Episode | AP80: Color | AQ80: Sports | AS80: 17359083 | AT80: 259478703 | AU80: French | AV80: TRUE | AW80: XListImporter (1426490) | AX80: 42205.274 | AY80: XListImporter (1426490) | AZ80: 42205.274 | BB80: =IF(BE80=BF80,"Yes","No") -> No | BC80: =IF(EFB!$N80=Table1[[#This Row],[ProgramTitle]],"Yes","No") -> Yes | BD80: =IF(EFB!$S80=Table1[[#This Row],[SeriesEpisodeTitle]],"Yes","No") -> Yes | BE80: =TIME(HOUR(C80),MINUTE(C80),SECOND(0)) -> 0.041666667 | BF80: =TIME(HOUR(L80),MINUTE(L80),SECOND(0)) -> 0 | BH80: =Table1[[#This Row],[StartTime]]+$BG$2 -> 0.041666667
C81: =BH81 -> 0.041666667 | U81: None | V81: None | W81: None | X81: None | Y81: FALSE | Z81: FALSE | AA81: 4:3 Fullscreen | AB81: FALSE | AC81: 3ème étape | AD81: 0 | AE81: FALSE | AJ81: Series Episode | AP81: Color | AQ81: Sports | AS81: 27580025 | AT81: 259702271 | AU81: French | AV81: TRUE | AW81: XListImporter (1426490) | AX81: 42205.274 | AY81: XListImporter (1426490) | AZ81: 42205.274 | BB81: =IF(BE81=BF81,"Yes","No") -> No | BC81: =IF(EFB!$N81=Table1[[#This Row],[ProgramTitle]],"Yes","No") -> Yes | BD81: =IF(EFB!$S81=Table1[[#This Row],[SeriesEpisodeTitle]],"Yes","No") -> Yes | BE81: =TIME(HOUR(C81),MINUTE(C81),SECOND(0)) -> 0.041666667 | BF81: =TIME(HOUR(L81),MINUTE(L81),SECOND(0)) -> 0 | BH81: =Table1[[#This Row],[StartTime]]+$BG$2 -> 0.041666667
C82: =BH82 -> 0.041666667 | U82: None | V82: None | W82: None | X82: None | Y82: FALSE | Z82: FALSE | AA82: 4:3 Fullscreen | AB82: FALSE | AC82: 3ème étape | AD82: 0 | AE82: FALSE | AG82: Live | AJ82: Series Episode | AP82: Color | AQ82: Sports | AS82: 27580017 | AT82: 259702266 | AU82: French | AV82: TRUE | AW82: XListImporter (1426490) | AX82: 42205.274 | AY82: XListImporter (1426490) | AZ82: 42205.274 | BB82: =IF(BE82=BF82,"Yes","No") -> No | BC82: =IF(EFB!$N82=Table1[[#This Row],[ProgramTitle]],"Yes","No") -> Yes | BD82: =IF(EFB!$S82=Table1[[#This Row],[SeriesEpisodeTitle]],"Yes","No") -> Yes | BE82: =TIME(HOUR(C82),MINUTE(C82),SECOND(0)) -> 0.041666667 | BF82: =TIME(HOUR(L82),MINUTE(L82),SECOND(0)) -> 0 | BH82: =Table1[[#This Row],[StartTime]]+$BG$2 -> 0.041666667
C83: =BH83 -> 0.041666667 | U83: None | V83: None | W83: None | X83: None | Y83: FALSE | Z83: FALSE | AA83: 4:3 Fullscreen | AB83: FALSE | AC83: ESF-EF2 | AD83: 0 | AE83: FALSE | AJ83: Series Episode | AP83: Color | AQ83: Sports | AS83: 17359083 | AT83: 259478701 | AU83: French | AV83: TRUE | AW83: XListImporter (1426490) | AX83: 42205.274 | AY83: XListImporter (1426490) | AZ83: 42205.274 | BB83: =IF(BE83=BF83,"Yes","No") -> No | BC83: =IF(EFB!$N83=Table1[[#This Row],[ProgramTitle]],"Yes","No") -> Yes | BD83: =IF(EFB!$S83=Table1[[#This Row],[SeriesEpisodeTitle]],"Yes","No") -> Yes | BE83: =TIME(HOUR(C83),MINUTE(C83),SECOND(0)) -> 0.041666667 | BF83: =TIME(HOUR(L83),MINUTE(L83),SECOND(0)) -> 0 | BH83: =Table1[[#This Row],[StartTime]]+$BG$2 -> 0.041666667
C84: =BH84 -> 0.041666667 | U84: None | V84: None | W84: None | X84: None | Y84: FALSE | Z84: FALSE | AA84: 4:3 Fullscreen | AB84: FALSE | AC84: ESF-EF2 | AD84: 0 | AE84: FALSE | AG84: Live | AJ84: Series Episode | AP84: Color | AQ84: Sports | AS84: 17359079 | AT84: 259478687 | AU84: French | AV84: TRUE | AW84: XListImporter (1426490) | AX84: 42205.274 | AY84: XListImporter (1426490) | AZ84: 42205.274 | BB84: =IF(BE84=BF84,"Yes","No") -> No | BC84: =IF(EFB!$N84=Table1[[#This Row],[ProgramTitle]],"Yes","No") -> Yes | BD84: =IF(EFB!$S84=Table1[[#This Row],[SeriesEpisodeTitle]],"Yes","No") -> Yes | BE84: =TIME(HOUR(C84),MINUTE(C84),SECOND(0)) -> 0.041666667 | BF84: =TIME(HOUR(L84),MINUTE(L84),SECOND(0)) -> 0 | BH84: =Table1[[#This Row],[StartTime]]+$BG$2 -> 0.041666667
C85: =BH85 -> 0.041666667 | U85: None | V85: None | W85: None | X85: None | Y85: FALSE | Z85: FALSE | AA85: 4:3 Fullscreen | AB85: FALSE | AD85: 0 | AE85: FALSE | AJ85: Series Master | AP85: Color | AQ85: Sports | AS85: 18126380 | AT85: 259478739 | AU85: French | AV85: TRUE | AW85: XListImporter (1426490) | AX85: 42205.274 | AY85: XListImporter (1426490) | AZ85: 42205.274 | BB85: =IF(BE85=BF85,"Yes","No") -> No | BC85: =IF(EFB!$N85=Table1[[#This Row],[ProgramTitle]],"Yes","No") -> Yes | BD85: =IF(EFB!$S85=Table1[[#This Row],[SeriesEpisodeTitle]],"Yes","No") -> Yes | BE85: =TIME(HOUR(C85),MINUTE(C85),SECOND(0)) -> 0.041666667 | BF85: =TIME(HOUR(L85),MINUTE(L85),SECOND(0)) -> 0 | BH85: =Table1[[#This Row],[StartTime]]+$BG$2 -> 0.041666667
C86: =BH86 -> 0.041666667 | U86: None | V86: None | W86: None | X86: None | Y86: FALSE | Z86: FALSE | AA86: 4:3 Fullscreen | AB86: FALSE | AC86: 3ème étape | AD86: 0 | AE86: FALSE | AJ86: Series Episode | AP86: Color | AQ86: Sports | AS86: 27580017 | AT86: 259702265 | AU86: French | AV86: TRUE | AW86: XListImporter (1426490) | AX86: 42205.274 | AY86: XListImporter (1426490) | AZ86: 42205.274 | BB86: =IF(BE86=BF86,"Yes","No") -> No | BC86: =IF(EFB!$N86=Table1[[#This Row],[ProgramTitle]],"Yes","No") -> Yes | BD86: =IF(EFB!$S86=Table1[[#This Row],[SeriesEpisodeTitle]],"Yes","No") -> Yes | BE86: =TIME(HOUR(C86),MINUTE(C86),SECOND(0)) -> 0.041666667 | BF86: =TIME(HOUR(L86),MINUTE(L86),SECOND(0)) -> 0 | BH86: =Table1[[#This Row],[StartTime]]+$BG$2 -> 0.041666667
C87: =BH87 -> 0.041666667 | U87: None | V87: None | W87: None | X87: None | Y87: FALSE | Z87: FALSE | AA87: 4:3 Fullscreen | AB87: FALSE | AC87: ESF | AD87: 0 | AE87: FALSE | AJ87: Series Master | AP87: Color | AQ87: Sports | AS87: 15329153 | AT87: 259478642 | AU87: French | AV87: TRUE | AW87: XListImporter (1426490) | AX87: 42205.274 | AY87: XListImporter (1426490) | AZ87: 42205.274 | BB87: =IF(BE87=BF87,"Yes","No") -> No | BC87: =IF(EFB!$N87=Table1[[#This Row],[ProgramTitle]],"Yes","No") -> Yes | BD87: =IF(EFB!$S87=Table1[[#This Row],[SeriesEpisodeTitle]],"Yes","No") -> Yes | BE87: =TIME(HOUR(C87),MINUTE(C87),SECOND(0)) -> 0.041666667 | BF87: =TIME(HOUR(L87),MINUTE(L87),SECOND(0)) -> 0 | BH87: =Table1[[#This Row],[StartTime]]+$BG$2 -> 0.041666667
C88: =BH88 -> 0.041666667 | V88: None | W88: None | X88: None | Y88: FALSE | Z88: FALSE | AA88: 4:3 Fullscreen | AB88: FALSE | AC88: ISIS | AD88: 0 | AE88: FALSE | AJ88: Series Master | AP88: Color | AQ88: Sports | AS88: 15329407 | AT88: 259478644 | AU88: French | AV88: TRUE | AW88: XListImporter (1426490) | AX88: 42205.274 | AY88: XListImporter (1426490) | AZ88: 42205.274 | BB88: =IF(BE88=BF88,"Yes","No") -> No | BC88: =IF(EFB!$N88=Table1[[#This Row],[ProgramTitle]],"Yes","No") -> Yes | BD88: =IF(EFB!$S88=Table1[[#This Row],[SeriesEpisodeTitle]],"Yes","No") -> Yes | BE88: =TIME(HOUR(C88),MINUTE(C88),SECOND(0)) -> 0.041666667 | BF88: =TIME(HOUR(L88),MINUTE(L88),SECOND(0)) -> 0 | BH88: =Table1[[#This Row],[StartTime]]+$BG$2 -> 0.041666667
C89: =BH89 -> 0.041666667 | V89: None | W89: None | X89: None | Y89: FALSE | Z89: FALSE | AA89: 4:3 Fullscreen | AB89: FALSE | AC89: ESF | AD89: 0 | AE89: FALSE | AJ89: Series Master | AP89: Color | AQ89: Sports | AS89: 15197712 | AT89: 259478633 | AU89: French | AV89: TRUE | AW89: XListImporter (1426490) | AX89: 42205.274 | AY89: XListImporter (1426490) | AZ89: 42205.274 | BB89: =IF(BE89=BF89,"Yes","No") -> No | BC89: =IF(EFB!$N89=Table1[[#This Row],[ProgramTitle]],"Yes","No") -> Yes | BD89: =IF(EFB!$S89=Table1[[#This Row],[SeriesEpisodeTitle]],"Yes","No") -> Yes | BE89: =TIME(HOUR(C89),MINUTE(C89),SECOND(0)) -> 0.041666667 | BF89: =TIME(HOUR(L89),MINUTE(L89),SECOND(0)) -> 0 | BH89: =Table1[[#This Row],[StartTime]]+$BG$2 -> 0.041666667
C90: =BH90 -> 0.041666667 | V90: None | W90: None | X90: None | Y90: FALSE | Z90: FALSE | AA90: 4:3 Fullscreen | AB90: FALSE | AC90: ISIS | AD90: 0 | AE90: FALSE | AJ90: Series Master | AP90: Color | AQ90: Sports | AS90: 15187590 | AT90: 259478630 | AU90: French | AV90: TRUE | AW90: XListImporter (1426490) | AX90: 42205.274 | AY90: XListImporter (1426490) | AZ90: 42205.274 | BB90: =IF(BE90=BF90,"Yes","No") -> No | BC90: =IF(EFB!$N90=Table1[[#This Row],[ProgramTitle]],"Yes","No") -> Yes | BD90: =IF(EFB!$S90=Table1[[#This Row],[SeriesEpisodeTitle]],"Yes","No") -> Yes | BE90: =TIME(HOUR(C90),MINUTE(C90),SECOND(0)) -> 0.041666667 | BF90: =TIME(HOUR(L90),MINUTE(L90),SECOND(0)) -> 0 | BH90: =Table1[[#This Row],[StartTime]]+$BG$2 -> 0.041666667
C91: =BH91 -> 0.041666667 | U91: None | V91: None | W91: None | X91: None | Y91: FALSE | Z91: FALSE | AA91: 4:3 Fullscreen | AB91: FALSE | AD91: 0 | AE91: FALSE | AJ91: Series Episode | AP91: Color | AQ91: Sports | AS91: 27580047 | AT91: 259478868 | AU91: French | AV91: TRUE | AW91: XListImporter (1426490) | AX91: 42205.274 | AY91: XListImporter (1426490) | AZ91: 42205.274 | BB91: =IF(BE91=BF91,"Yes","No") -> No | BC91: =IF(EFB!$N91=Table1[[#This Row],[ProgramTitle]],"Yes","No") -> Yes | BD91: =IF(EFB!$S91=Table1[[#This Row],[SeriesEpisodeTitle]],"Yes","No") -> Yes | BE91: =TIME(HOUR(C91),MINUTE(C91),SECOND(0)) -> 0.041666667 | BF91: =TIME(HOUR(L91),MINUTE(L91),SECOND(0)) -> 0 | BH91: =Table1[[#This Row],[StartTime]]+$BG$2 -> 0.041666667
C92: =BH92 -> 0.041666667 | U92: None | V92: None | W92: None | X92: None | Y92: FALSE | Z92: FALSE | AA92: 4:3 Fullscreen | AB92: FALSE | AD92: 0 | AE92: FALSE | AJ92: Series Episode | AP92: Color | AQ92: Other | AS92: 27580046 | AT92: 259478867 | AU92: French | AV92: TRUE | AW92: XListImporter (1426490) | AX92: 42205.274 | AY92: XListImporter (1426490) | AZ92: 42205.274 | BB92: =IF(BE92=BF92,"Yes","No") -> No | BC92: =IF(EFB!$N92=Table1[[#This Row],[ProgramTitle]],"Yes","No") -> Yes | BD92: =IF(EFB!$S92=Table1[[#This Row],[SeriesEpisodeTitle]],"Yes","No") -> Yes | BE92: =TIME(HOUR(C92),MINUTE(C92),SECOND(0)) -> 0.041666667 | BF92: =TIME(HOUR(L92),MINUTE(L92),SECOND(0)) -> 0 | BH92: =Table1[[#This Row],[StartTime]]+$BG$2 -> 0.041666667
C93: =BH93 -> 0.041666667 | U93: None | V93: None | W93: None | X93: None | Y93: FALSE | Z93: FALSE | AA93: 4:3 Fullscreen | AB93: FALSE | AC93: ISIS | AD93: 0 | AE93: FALSE | AJ93: Series Episode | AP93: Color | AQ93: Sports | AS93: 19394025 | AT93: 259478741 | AU93: French | AV93: TRUE | AW93: XListImporter (1426490) | AX93: 42205.274 | AY93: XListImporter (1426490) | AZ93: 42205.274 | BB93: =IF(BE93=BF93,"Yes","No") -> No | BC93: =IF(EFB!$N93=Table1[[#This Row],[ProgramTitle]],"Yes","No") -> Yes | BD93: =IF(EFB!$S93=Table1[[#This Row],[SeriesEpisodeTitle]],"Yes","No") -> Yes | BE93: =TIME(HOUR(C93),MINUTE(C93),SECOND(0)) -> 0.041666667 | BF93: =TIME(HOUR(L93),MINUTE(L93),SECOND(0)) -> 0 | BH93: =Table1[[#This Row],[StartTime]]+$BG$2 -> 0.041666667
C94: =BH94 -> 0.041666667 | V94: None | W94: None | X94: None | Y94: FALSE | Z94: FALSE | AA94: 4:3 Fullscreen | AB94: FALSE | AC94: ESF | AD94: 0 | AE94: FALSE | AJ94: Series Master | AP94: Color | AQ94: Sports | AS94: 15604040 | AT94: 259478655 | AU94: French | AV94: TRUE | AW94: XListImporter (1426490) | AX94: 42205.274 | AY94: XListImporter (1426490) | AZ94: 42205.274 | BB94: =IF(BE94=BF94,"Yes","No") -> No | BC94: =IF(EFB!$N94=Table1[[#This Row],[ProgramTitle]],"Yes","No") -> Yes | BD94: =IF(EFB!$S94=Table1[[#This Row],[SeriesEpisodeTitle]],"Yes","No") -> Yes | BE94: =TIME(HOUR(C94),MINUTE(C94),SECOND(0)) -> 0.041666667 | BF94: =TIME(HOUR(L94),MINUTE(L94),SECOND(0)) -> 0 | BH94: =Table1[[#This Row],[StartTime]]+$BG$2 -> 0.041666667
C95: =BH95 -> 0.041666667 | V95: None | W95: None | X95: None | Y95: FALSE | Z95: FALSE | AA95: 4:3 Fullscreen | AB95: FALSE | AC95: ISIS | AD95: 0 | AE95: FALSE | AJ95: Series Master | AP95: Color | AQ95: Sports | AS95: 15475321 | AT95: 259478654 | AU95: French | AV95: TRUE | AW95: XListImporter (1426490) | AX95: 42205.274 | AY95: XListImporter (1426490) | AZ95: 42205.274 | BB95: =IF(BE95=BF95,"Yes","No") -> No | BC95: =IF(EFB!$N95=Table1[[#This Row],[ProgramTitle]],"Yes","No") -> Yes | BD95: =IF(EFB!$S95=Table1[[#This Row],[SeriesEpisodeTitle]],"Yes","No") -> Yes | BE95: =TIME(HOUR(C95),MINUTE(C95),SECOND(0)) -> 0.041666667 | BF95: =TIME(HOUR(L95),MINUTE(L95),SECOND(0)) -> 0 | BH95: =Table1[[#This Row],[StartTime]]+$BG$2 -> 0.041666667
C96: =BH96 -> 0.041666667 | U96: None | V96: None | W96: None | X96: None | Y96: FALSE | Z96: FALSE | AA96: 4:3 Fullscreen | AB96: FALSE | AC96: ESF | AD96: 0 | AE96: FALSE | AJ96: Series Master | AP96: Color | AQ96: Sports | AS96: 15329153 | AT96: 259478643 | AU96: French | AV96: TRUE | AW96: XListImporter (1426490) | AX96: 42205.274 | AY96: XListImporter (1426490) | AZ96: 42205.274 | BB96: =IF(BE96=BF96,"Yes","No") -> No | BC96: =IF(EFB!$N96=Table1[[#This Row],[ProgramTitle]],"Yes","No") -> Yes | BD96: =IF(EFB!$S96=Table1[[#This Row],[SeriesEpisodeTitle]],"Yes","No") -> Yes | BE96: =TIME(HOUR(C96),MINUTE(C96),SECOND(0)) -> 0.041666667 | BF96: =TIME(HOUR(L96),MINUTE(L96),SECOND(0)) -> 0 | BH96: =Table1[[#This Row],[StartTime]]+$BG$2 -> 0.041666667
C97: =BH97 -> 0.041666667 | U97: None | V97: None | W97: None | X97: None | Y97: FALSE | Z97: FALSE | AA97: 4:3 Fullscreen | AB97: FALSE | AC97: ESF-EF2 | AD97: 0 | AE97: FALSE | AJ97: Series Episode | AP97: Color | AQ97: Sports | AS97: 17359079 | AT97: 259478685 | AU97: French | AV97: TRUE | AW97: XListImporter (1426490) | AX97: 42205.274 | AY97: XListImporter (1426490) | AZ97: 42205.274 | BB97: =IF(BE97=BF97,"Yes","No") -> No | BC97: =IF(EFB!$N97=Table1[[#This Row],[ProgramTitle]],"Yes","No") -> Yes | BD97: =IF(EFB!$S97=Table1[[#This Row],[SeriesEpisodeTitle]],"Yes","No") -> Yes | BE97: =TIME(HOUR(C97),MINUTE(C97),SECOND(0)) -> 0.041666667 | BF97: =TIME(HOUR(L97),MINUTE(L97),SECOND(0)) -> 0 | BH97: =Table1[[#This Row],[StartTime]]+$BG$2 -> 0.041666667
C98: =BH98 -> 0.041666667 | BB98: =IF(BE98=BF98,"Yes","No") -> No | BC98: =IF(EFB!$N98=Table1[[#This Row],[ProgramTitle]],"Yes","No") -> Yes | BD98: =IF(EFB!$S98=Table1[[#This Row],[SeriesEpisodeTitle]],"Yes","No") -> Yes | BE98: =TIME(HOUR(C98),MINUTE(C98),SECOND(0)) -> 0.041666667 | BF98: =TIME(HOUR(L98),MINUTE(L98),SECOND(0)) -> 0 | BH98: =Table1[[#This Row],[StartTime]]+$BG$2 -> 0.041666667
C99: =BH99 -> 0.041666667 | BB99: =IF(BE99=BF99,"Yes","No") -> No | BC99: =IF(EFB!$N99=Table1[[#This Row],[ProgramTitle]],"Yes","No") -> Yes | BD99: =IF(EFB!$S99=Table1[[#This Row],[SeriesEpisodeTitle]],"Yes","No") -> Yes | BE99: =TIME(HOUR(C99),MINUTE(C99),SECOND(0)) -> 0.041666667 | BF99: =TIME(HOUR(L99),MINUTE(L99),SECOND(0)) -> 0 | BH99: =Table1[[#This Row],[StartTime]]+$BG$2 -> 0.041666667
C100: =BH100 -> 0.041666667 | BB100: =IF(BE100=BF100,"Yes","No") -> No | BC100: =IF(EFB!$N100=Table1[[#This Row],[ProgramTitle]],"Yes","No") -> Yes | BD100: =IF(EFB!$S100=Table1[[#This Row],[SeriesEpisodeTitle]],"Yes","No") -> Yes | BE100: =TIME(HOUR(C100),MINUTE(C100),SECOND(0)) -> 0.041666667 | BF100: =TIME(HOUR(L100),MINUTE(L100),SECOND(0)) -> 0 | BH100: =Table1[[#This Row],[StartTime]]+$BG$2 -> 0.041666667
...
